,income,education,green_energy,green_energy_freq,cost,cost_freq,combination,combination_freq
0,1.0,1.0,1,29,1,28,"(1, 1)",11
1,1.0,1.0,1,29,1,28,"(1, 2)",11
2,1.0,1.0,1,29,1,28,"(1, 3)",7
3,1.0,1.0,1,29,1,28,"(2, 1)",7
4,1.0,1.0,1,29,1,28,"(2, 2)",8
5,1.0,1.0,1,29,1,28,"(2, 3)",9
6,1.0,1.0,1,29,1,28,"(3, 1)",10
7,1.0,1.0,1,29,1,28,"(3, 2)",8
8,1.0,1.0,1,29,1,28,"(3, 3)",6
9,1.0,1.0,1,29,2,27,"(1, 1)",11
10,1.0,1.0,1,29,2,27,"(1, 2)",11
11,1.0,1.0,1,29,2,27,"(1, 3)",7
12,1.0,1.0,1,29,2,27,"(2, 1)",7
13,1.0,1.0,1,29,2,27,"(2, 2)",8
14,1.0,1.0,1,29,2,27,"(2, 3)",9
15,1.0,1.0,1,29,2,27,"(3, 1)",10
16,1.0,1.0,1,29,2,27,"(3, 2)",8
17,1.0,1.0,1,29,2,27,"(3, 3)",6
18,1.0,1.0,1,29,3,22,"(1, 1)",11
19,1.0,1.0,1,29,3,22,"(1, 2)",11
20,1.0,1.0,1,29,3,22,"(1, 3)",7
21,1.0,1.0,1,29,3,22,"(2, 1)",7
22,1.0,1.0,1,29,3,22,"(2, 2)",8
23,1.0,1.0,1,29,3,22,"(2, 3)",9
24,1.0,1.0,1,29,3,22,"(3, 1)",10
25,1.0,1.0,1,29,3,22,"(3, 2)",8
26,1.0,1.0,1,29,3,22,"(3, 3)",6
27,1.0,1.0,2,24,1,28,"(1, 1)",11
28,1.0,1.0,2,24,1,28,"(1, 2)",11
29,1.0,1.0,2,24,1,28,"(1, 3)",7
30,1.0,1.0,2,24,1,28,"(2, 1)",7
31,1.0,1.0,2,24,1,28,"(2, 2)",8
32,1.0,1.0,2,24,1,28,"(2, 3)",9
33,1.0,1.0,2,24,1,28,"(3, 1)",10
34,1.0,1.0,2,24,1,28,"(3, 2)",8
35,1.0,1.0,2,24,1,28,"(3, 3)",6
36,1.0,1.0,2,24,2,27,"(1, 1)",11
37,1.0,1.0,2,24,2,27,"(1, 2)",11
38,1.0,1.0,2,24,2,27,"(1, 3)",7
39,1.0,1.0,2,24,2,27,"(2, 1)",7
40,1.0,1.0,2,24,2,27,"(2, 2)",8
41,1.0,1.0,2,24,2,27,"(2, 3)",9
42,1.0,1.0,2,24,2,27,"(3, 1)",10
43,1.0,1.0,2,24,2,27,"(3, 2)",8
44,1.0,1.0,2,24,2,27,"(3, 3)",6
45,1.0,1.0,2,24,3,22,"(1, 1)",11
46,1.0,1.0,2,24,3,22,"(1, 2)",11
47,1.0,1.0,2,24,3,22,"(1, 3)",7
48,1.0,1.0,2,24,3,22,"(2, 1)",7
49,1.0,1.0,2,24,3,22,"(2, 2)",8
50,1.0,1.0,2,24,3,22,"(2, 3)",9
51,1.0,1.0,2,24,3,22,"(3, 1)",10
52,1.0,1.0,2,24,3,22,"(3, 2)",8
53,1.0,1.0,2,24,3,22,"(3, 3)",6
54,1.0,1.0,3,24,1,28,"(1, 1)",11
55,1.0,1.0,3,24,1,28,"(1, 2)",11
56,1.0,1.0,3,24,1,28,"(1, 3)",7
57,1.0,1.0,3,24,1,28,"(2, 1)",7
58,1.0,1.0,3,24,1,28,"(2, 2)",8
59,1.0,1.0,3,24,1,28,"(2, 3)",9
60,1.0,1.0,3,24,1,28,"(3, 1)",10
61,1.0,1.0,3,24,1,28,"(3, 2)",8
62,1.0,1.0,3,24,1,28,"(3, 3)",6
63,1.0,1.0,3,24,2,27,"(1, 1)",11
64,1.0,1.0,3,24,2,27,"(1, 2)",11
65,1.0,1.0,3,24,2,27,"(1, 3)",7
66,1.0,1.0,3,24,2,27,"(2, 1)",7
67,1.0,1.0,3,24,2,27,"(2, 2)",8
68,1.0,1.0,3,24,2,27,"(2, 3)",9
69,1.0,1.0,3,24,2,27,"(3, 1)",10
70,1.0,1.0,3,24,2,27,"(3, 2)",8
71,1.0,1.0,3,24,2,27,"(3, 3)",6
72,1.0,1.0,3,24,3,22,"(1, 1)",11
73,1.0,1.0,3,24,3,22,"(1, 2)",11
74,1.0,1.0,3,24,3,22,"(1, 3)",7
75,1.0,1.0,3,24,3,22,"(2, 1)",7
76,1.0,1.0,3,24,3,22,"(2, 2)",8
77,1.0,1.0,3,24,3,22,"(2, 3)",9
78,1.0,1.0,3,24,3,22,"(3, 1)",10
79,1.0,1.0,3,24,3,22,"(3, 2)",8
80,1.0,1.0,3,24,3,22,"(3, 3)",6
81,1.0,2.0,1,101,1,94,"(1, 1)",30
82,1.0,2.0,1,101,1,94,"(1, 2)",40
83,1.0,2.0,1,101,1,94,"(1, 3)",31
84,1.0,2.0,1,101,1,94,"(2, 1)",37
85,1.0,2.0,1,101,1,94,"(2, 2)",33
86,1.0,2.0,1,101,1,94,"(2, 3)",28
87,1.0,2.0,1,101,1,94,"(3, 1)",27
88,1.0,2.0,1,101,1,94,"(3, 2)",25
89,1.0,2.0,1,101,1,94,"(3, 3)",30
90,1.0,2.0,1,101,2,98,"(1, 1)",30
91,1.0,2.0,1,101,2,98,"(1, 2)",40
92,1.0,2.0,1,101,2,98,"(1, 3)",31
93,1.0,2.0,1,101,2,98,"(2, 1)",37
94,1.0,2.0,1,101,2,98,"(2, 2)",33
95,1.0,2.0,1,101,2,98,"(2, 3)",28
96,1.0,2.0,1,101,2,98,"(3, 1)",27
97,1.0,2.0,1,101,2,98,"(3, 2)",25
98,1.0,2.0,1,101,2,98,"(3, 3)",30
99,1.0,2.0,1,101,3,89,"(1, 1)",30
100,1.0,2.0,1,101,3,89,"(1, 2)",40
101,1.0,2.0,1,101,3,89,"(1, 3)",31
102,1.0,2.0,1,101,3,89,"(2, 1)",37
103,1.0,2.0,1,101,3,89,"(2, 2)",33
104,1.0,2.0,1,101,3,89,"(2, 3)",28
105,1.0,2.0,1,101,3,89,"(3, 1)",27
106,1.0,2.0,1,101,3,89,"(3, 2)",25
107,1.0,2.0,1,101,3,89,"(3, 3)",30
108,1.0,2.0,2,98,1,94,"(1, 1)",30
109,1.0,2.0,2,98,1,94,"(1, 2)",40
110,1.0,2.0,2,98,1,94,"(1, 3)",31
111,1.0,2.0,2,98,1,94,"(2, 1)",37
112,1.0,2.0,2,98,1,94,"(2, 2)",33
113,1.0,2.0,2,98,1,94,"(2, 3)",28
114,1.0,2.0,2,98,1,94,"(3, 1)",27
115,1.0,2.0,2,98,1,94,"(3, 2)",25
116,1.0,2.0,2,98,1,94,"(3, 3)",30
117,1.0,2.0,2,98,2,98,"(1, 1)",30
118,1.0,2.0,2,98,2,98,"(1, 2)",40
119,1.0,2.0,2,98,2,98,"(1, 3)",31
120,1.0,2.0,2,98,2,98,"(2, 1)",37
121,1.0,2.0,2,98,2,98,"(2, 2)",33
122,1.0,2.0,2,98,2,98,"(2, 3)",28
123,1.0,2.0,2,98,2,98,"(3, 1)",27
124,1.0,2.0,2,98,2,98,"(3, 2)",25
125,1.0,2.0,2,98,2,98,"(3, 3)",30
126,1.0,2.0,2,98,3,89,"(1, 1)",30
127,1.0,2.0,2,98,3,89,"(1, 2)",40
128,1.0,2.0,2,98,3,89,"(1, 3)",31
129,1.0,2.0,2,98,3,89,"(2, 1)",37
130,1.0,2.0,2,98,3,89,"(2, 2)",33
131,1.0,2.0,2,98,3,89,"(2, 3)",28
132,1.0,2.0,2,98,3,89,"(3, 1)",27
133,1.0,2.0,2,98,3,89,"(3, 2)",25
134,1.0,2.0,2,98,3,89,"(3, 3)",30
135,1.0,2.0,3,82,1,94,"(1, 1)",30
136,1.0,2.0,3,82,1,94,"(1, 2)",40
137,1.0,2.0,3,82,1,94,"(1, 3)",31
138,1.0,2.0,3,82,1,94,"(2, 1)",37
139,1.0,2.0,3,82,1,94,"(2, 2)",33
140,1.0,2.0,3,82,1,94,"(2, 3)",28
141,1.0,2.0,3,82,1,94,"(3, 1)",27
142,1.0,2.0,3,82,1,94,"(3, 2)",25
143,1.0,2.0,3,82,1,94,"(3, 3)",30
144,1.0,2.0,3,82,2,98,"(1, 1)",30
145,1.0,2.0,3,82,2,98,"(1, 2)",40
146,1.0,2.0,3,82,2,98,"(1, 3)",31
147,1.0,2.0,3,82,2,98,"(2, 1)",37
148,1.0,2.0,3,82,2,98,"(2, 2)",33
149,1.0,2.0,3,82,2,98,"(2, 3)",28
150,1.0,2.0,3,82,2,98,"(3, 1)",27
151,1.0,2.0,3,82,2,98,"(3, 2)",25
152,1.0,2.0,3,82,2,98,"(3, 3)",30
153,1.0,2.0,3,82,3,89,"(1, 1)",30
154,1.0,2.0,3,82,3,89,"(1, 2)",40
155,1.0,2.0,3,82,3,89,"(1, 3)",31
156,1.0,2.0,3,82,3,89,"(2, 1)",37
157,1.0,2.0,3,82,3,89,"(2, 2)",33
158,1.0,2.0,3,82,3,89,"(2, 3)",28
159,1.0,2.0,3,82,3,89,"(3, 1)",27
160,1.0,2.0,3,82,3,89,"(3, 2)",25
161,1.0,2.0,3,82,3,89,"(3, 3)",30
162,1.0,3.0,1,12,1,8,"(1, 1)",4
163,1.0,3.0,1,12,1,8,"(1, 2)",4
164,1.0,3.0,1,12,1,8,"(1, 3)",4
165,1.0,3.0,1,12,1,8,"(2, 1)",2
166,1.0,3.0,1,12,1,8,"(2, 2)",5
167,1.0,3.0,1,12,1,8,"(2, 3)",3
168,1.0,3.0,1,12,1,8,"(3, 1)",2
169,1.0,3.0,1,12,1,8,"(3, 2)",3
170,1.0,3.0,1,12,1,8,"(3, 3)",3
171,1.0,3.0,1,12,2,12,"(1, 1)",4
172,1.0,3.0,1,12,2,12,"(1, 2)",4
173,1.0,3.0,1,12,2,12,"(1, 3)",4
174,1.0,3.0,1,12,2,12,"(2, 1)",2
175,1.0,3.0,1,12,2,12,"(2, 2)",5
176,1.0,3.0,1,12,2,12,"(2, 3)",3
177,1.0,3.0,1,12,2,12,"(3, 1)",2
178,1.0,3.0,1,12,2,12,"(3, 2)",3
179,1.0,3.0,1,12,2,12,"(3, 3)",3
180,1.0,3.0,1,12,3,10,"(1, 1)",4
181,1.0,3.0,1,12,3,10,"(1, 2)",4
182,1.0,3.0,1,12,3,10,"(1, 3)",4
183,1.0,3.0,1,12,3,10,"(2, 1)",2
184,1.0,3.0,1,12,3,10,"(2, 2)",5
185,1.0,3.0,1,12,3,10,"(2, 3)",3
186,1.0,3.0,1,12,3,10,"(3, 1)",2
187,1.0,3.0,1,12,3,10,"(3, 2)",3
188,1.0,3.0,1,12,3,10,"(3, 3)",3
189,1.0,3.0,2,10,1,8,"(1, 1)",4
190,1.0,3.0,2,10,1,8,"(1, 2)",4
191,1.0,3.0,2,10,1,8,"(1, 3)",4
192,1.0,3.0,2,10,1,8,"(2, 1)",2
193,1.0,3.0,2,10,1,8,"(2, 2)",5
194,1.0,3.0,2,10,1,8,"(2, 3)",3
195,1.0,3.0,2,10,1,8,"(3, 1)",2
196,1.0,3.0,2,10,1,8,"(3, 2)",3
197,1.0,3.0,2,10,1,8,"(3, 3)",3
198,1.0,3.0,2,10,2,12,"(1, 1)",4
199,1.0,3.0,2,10,2,12,"(1, 2)",4
200,1.0,3.0,2,10,2,12,"(1, 3)",4
201,1.0,3.0,2,10,2,12,"(2, 1)",2
202,1.0,3.0,2,10,2,12,"(2, 2)",5
203,1.0,3.0,2,10,2,12,"(2, 3)",3
204,1.0,3.0,2,10,2,12,"(3, 1)",2
205,1.0,3.0,2,10,2,12,"(3, 2)",3
206,1.0,3.0,2,10,2,12,"(3, 3)",3
207,1.0,3.0,2,10,3,10,"(1, 1)",4
208,1.0,3.0,2,10,3,10,"(1, 2)",4
209,1.0,3.0,2,10,3,10,"(1, 3)",4
210,1.0,3.0,2,10,3,10,"(2, 1)",2
211,1.0,3.0,2,10,3,10,"(2, 2)",5
212,1.0,3.0,2,10,3,10,"(2, 3)",3
213,1.0,3.0,2,10,3,10,"(3, 1)",2
214,1.0,3.0,2,10,3,10,"(3, 2)",3
215,1.0,3.0,2,10,3,10,"(3, 3)",3
216,1.0,3.0,3,8,1,8,"(1, 1)",4
217,1.0,3.0,3,8,1,8,"(1, 2)",4
218,1.0,3.0,3,8,1,8,"(1, 3)",4
219,1.0,3.0,3,8,1,8,"(2, 1)",2
220,1.0,3.0,3,8,1,8,"(2, 2)",5
221,1.0,3.0,3,8,1,8,"(2, 3)",3
222,1.0,3.0,3,8,1,8,"(3, 1)",2
223,1.0,3.0,3,8,1,8,"(3, 2)",3
224,1.0,3.0,3,8,1,8,"(3, 3)",3
225,1.0,3.0,3,8,2,12,"(1, 1)",4
226,1.0,3.0,3,8,2,12,"(1, 2)",4
227,1.0,3.0,3,8,2,12,"(1, 3)",4
228,1.0,3.0,3,8,2,12,"(2, 1)",2
229,1.0,3.0,3,8,2,12,"(2, 2)",5
230,1.0,3.0,3,8,2,12,"(2, 3)",3
231,1.0,3.0,3,8,2,12,"(3, 1)",2
232,1.0,3.0,3,8,2,12,"(3, 2)",3
233,1.0,3.0,3,8,2,12,"(3, 3)",3
234,1.0,3.0,3,8,3,10,"(1, 1)",4
235,1.0,3.0,3,8,3,10,"(1, 2)",4
236,1.0,3.0,3,8,3,10,"(1, 3)",4
237,1.0,3.0,3,8,3,10,"(2, 1)",2
238,1.0,3.0,3,8,3,10,"(2, 2)",5
239,1.0,3.0,3,8,3,10,"(2, 3)",3
240,1.0,3.0,3,8,3,10,"(3, 1)",2
241,1.0,3.0,3,8,3,10,"(3, 2)",3
242,1.0,3.0,3,8,3,10,"(3, 3)",3
243,1.0,4.0,1,29,1,27,"(1, 1)",6
244,1.0,4.0,1,29,1,27,"(1, 2)",16
245,1.0,4.0,1,29,1,27,"(1, 3)",7
246,1.0,4.0,1,29,1,27,"(2, 1)",14
247,1.0,4.0,1,29,1,27,"(2, 2)",9
248,1.0,4.0,1,29,1,27,"(2, 3)",6
249,1.0,4.0,1,29,1,27,"(3, 1)",7
250,1.0,4.0,1,29,1,27,"(3, 2)",5
251,1.0,4.0,1,29,1,27,"(3, 3)",10
252,1.0,4.0,1,29,2,30,"(1, 1)",6
253,1.0,4.0,1,29,2,30,"(1, 2)",16
254,1.0,4.0,1,29,2,30,"(1, 3)",7
255,1.0,4.0,1,29,2,30,"(2, 1)",14
256,1.0,4.0,1,29,2,30,"(2, 2)",9
257,1.0,4.0,1,29,2,30,"(2, 3)",6
258,1.0,4.0,1,29,2,30,"(3, 1)",7
259,1.0,4.0,1,29,2,30,"(3, 2)",5
260,1.0,4.0,1,29,2,30,"(3, 3)",10
261,1.0,4.0,1,29,3,23,"(1, 1)",6
262,1.0,4.0,1,29,3,23,"(1, 2)",16
263,1.0,4.0,1,29,3,23,"(1, 3)",7
264,1.0,4.0,1,29,3,23,"(2, 1)",14
265,1.0,4.0,1,29,3,23,"(2, 2)",9
266,1.0,4.0,1,29,3,23,"(2, 3)",6
267,1.0,4.0,1,29,3,23,"(3, 1)",7
268,1.0,4.0,1,29,3,23,"(3, 2)",5
269,1.0,4.0,1,29,3,23,"(3, 3)",10
270,1.0,4.0,2,29,1,27,"(1, 1)",6
271,1.0,4.0,2,29,1,27,"(1, 2)",16
272,1.0,4.0,2,29,1,27,"(1, 3)",7
273,1.0,4.0,2,29,1,27,"(2, 1)",14
274,1.0,4.0,2,29,1,27,"(2, 2)",9
275,1.0,4.0,2,29,1,27,"(2, 3)",6
276,1.0,4.0,2,29,1,27,"(3, 1)",7
277,1.0,4.0,2,29,1,27,"(3, 2)",5
278,1.0,4.0,2,29,1,27,"(3, 3)",10
279,1.0,4.0,2,29,2,30,"(1, 1)",6
280,1.0,4.0,2,29,2,30,"(1, 2)",16
281,1.0,4.0,2,29,2,30,"(1, 3)",7
282,1.0,4.0,2,29,2,30,"(2, 1)",14
283,1.0,4.0,2,29,2,30,"(2, 2)",9
284,1.0,4.0,2,29,2,30,"(2, 3)",6
285,1.0,4.0,2,29,2,30,"(3, 1)",7
286,1.0,4.0,2,29,2,30,"(3, 2)",5
287,1.0,4.0,2,29,2,30,"(3, 3)",10
288,1.0,4.0,2,29,3,23,"(1, 1)",6
289,1.0,4.0,2,29,3,23,"(1, 2)",16
290,1.0,4.0,2,29,3,23,"(1, 3)",7
291,1.0,4.0,2,29,3,23,"(2, 1)",14
292,1.0,4.0,2,29,3,23,"(2, 2)",9
293,1.0,4.0,2,29,3,23,"(2, 3)",6
294,1.0,4.0,2,29,3,23,"(3, 1)",7
295,1.0,4.0,2,29,3,23,"(3, 2)",5
296,1.0,4.0,2,29,3,23,"(3, 3)",10
297,1.0,4.0,3,22,1,27,"(1, 1)",6
298,1.0,4.0,3,22,1,27,"(1, 2)",16
299,1.0,4.0,3,22,1,27,"(1, 3)",7
300,1.0,4.0,3,22,1,27,"(2, 1)",14
301,1.0,4.0,3,22,1,27,"(2, 2)",9
302,1.0,4.0,3,22,1,27,"(2, 3)",6
303,1.0,4.0,3,22,1,27,"(3, 1)",7
304,1.0,4.0,3,22,1,27,"(3, 2)",5
305,1.0,4.0,3,22,1,27,"(3, 3)",10
306,1.0,4.0,3,22,2,30,"(1, 1)",6
307,1.0,4.0,3,22,2,30,"(1, 2)",16
308,1.0,4.0,3,22,2,30,"(1, 3)",7
309,1.0,4.0,3,22,2,30,"(2, 1)",14
310,1.0,4.0,3,22,2,30,"(2, 2)",9
311,1.0,4.0,3,22,2,30,"(2, 3)",6
312,1.0,4.0,3,22,2,30,"(3, 1)",7
313,1.0,4.0,3,22,2,30,"(3, 2)",5
314,1.0,4.0,3,22,2,30,"(3, 3)",10
315,1.0,4.0,3,22,3,23,"(1, 1)",6
316,1.0,4.0,3,22,3,23,"(1, 2)",16
317,1.0,4.0,3,22,3,23,"(1, 3)",7
318,1.0,4.0,3,22,3,23,"(2, 1)",14
319,1.0,4.0,3,22,3,23,"(2, 2)",9
320,1.0,4.0,3,22,3,23,"(2, 3)",6
321,1.0,4.0,3,22,3,23,"(3, 1)",7
322,1.0,4.0,3,22,3,23,"(3, 2)",5
323,1.0,4.0,3,22,3,23,"(3, 3)",10
324,1.0,5.0,1,24,1,20,"(1, 1)",5
325,1.0,5.0,1,24,1,20,"(1, 2)",11
326,1.0,5.0,1,24,1,20,"(1, 3)",8
327,1.0,5.0,1,24,1,20,"(2, 1)",8
328,1.0,5.0,1,24,1,20,"(2, 2)",12
329,1.0,5.0,1,24,1,20,"(2, 3)",6
330,1.0,5.0,1,24,1,20,"(3, 1)",7
331,1.0,5.0,1,24,1,20,"(3, 2)",5
332,1.0,5.0,1,24,1,20,"(3, 3)",10
333,1.0,5.0,1,24,2,28,"(1, 1)",5
334,1.0,5.0,1,24,2,28,"(1, 2)",11
335,1.0,5.0,1,24,2,28,"(1, 3)",8
336,1.0,5.0,1,24,2,28,"(2, 1)",8
337,1.0,5.0,1,24,2,28,"(2, 2)",12
338,1.0,5.0,1,24,2,28,"(2, 3)",6
339,1.0,5.0,1,24,2,28,"(3, 1)",7
340,1.0,5.0,1,24,2,28,"(3, 2)",5
341,1.0,5.0,1,24,2,28,"(3, 3)",10
342,1.0,5.0,1,24,3,24,"(1, 1)",5
343,1.0,5.0,1,24,3,24,"(1, 2)",11
344,1.0,5.0,1,24,3,24,"(1, 3)",8
345,1.0,5.0,1,24,3,24,"(2, 1)",8
346,1.0,5.0,1,24,3,24,"(2, 2)",12
347,1.0,5.0,1,24,3,24,"(2, 3)",6
348,1.0,5.0,1,24,3,24,"(3, 1)",7
349,1.0,5.0,1,24,3,24,"(3, 2)",5
350,1.0,5.0,1,24,3,24,"(3, 3)",10
351,1.0,5.0,2,26,1,20,"(1, 1)",5
352,1.0,5.0,2,26,1,20,"(1, 2)",11
353,1.0,5.0,2,26,1,20,"(1, 3)",8
354,1.0,5.0,2,26,1,20,"(2, 1)",8
355,1.0,5.0,2,26,1,20,"(2, 2)",12
356,1.0,5.0,2,26,1,20,"(2, 3)",6
357,1.0,5.0,2,26,1,20,"(3, 1)",7
358,1.0,5.0,2,26,1,20,"(3, 2)",5
359,1.0,5.0,2,26,1,20,"(3, 3)",10
360,1.0,5.0,2,26,2,28,"(1, 1)",5
361,1.0,5.0,2,26,2,28,"(1, 2)",11
362,1.0,5.0,2,26,2,28,"(1, 3)",8
363,1.0,5.0,2,26,2,28,"(2, 1)",8
364,1.0,5.0,2,26,2,28,"(2, 2)",12
365,1.0,5.0,2,26,2,28,"(2, 3)",6
366,1.0,5.0,2,26,2,28,"(3, 1)",7
367,1.0,5.0,2,26,2,28,"(3, 2)",5
368,1.0,5.0,2,26,2,28,"(3, 3)",10
369,1.0,5.0,2,26,3,24,"(1, 1)",5
370,1.0,5.0,2,26,3,24,"(1, 2)",11
371,1.0,5.0,2,26,3,24,"(1, 3)",8
372,1.0,5.0,2,26,3,24,"(2, 1)",8
373,1.0,5.0,2,26,3,24,"(2, 2)",12
374,1.0,5.0,2,26,3,24,"(2, 3)",6
375,1.0,5.0,2,26,3,24,"(3, 1)",7
376,1.0,5.0,2,26,3,24,"(3, 2)",5
377,1.0,5.0,2,26,3,24,"(3, 3)",10
378,1.0,5.0,3,22,1,20,"(1, 1)",5
379,1.0,5.0,3,22,1,20,"(1, 2)",11
380,1.0,5.0,3,22,1,20,"(1, 3)",8
381,1.0,5.0,3,22,1,20,"(2, 1)",8
382,1.0,5.0,3,22,1,20,"(2, 2)",12
383,1.0,5.0,3,22,1,20,"(2, 3)",6
384,1.0,5.0,3,22,1,20,"(3, 1)",7
385,1.0,5.0,3,22,1,20,"(3, 2)",5
386,1.0,5.0,3,22,1,20,"(3, 3)",10
387,1.0,5.0,3,22,2,28,"(1, 1)",5
388,1.0,5.0,3,22,2,28,"(1, 2)",11
389,1.0,5.0,3,22,2,28,"(1, 3)",8
390,1.0,5.0,3,22,2,28,"(2, 1)",8
391,1.0,5.0,3,22,2,28,"(2, 2)",12
392,1.0,5.0,3,22,2,28,"(2, 3)",6
393,1.0,5.0,3,22,2,28,"(3, 1)",7
394,1.0,5.0,3,22,2,28,"(3, 2)",5
395,1.0,5.0,3,22,2,28,"(3, 3)",10
396,1.0,5.0,3,22,3,24,"(1, 1)",5
397,1.0,5.0,3,22,3,24,"(1, 2)",11
398,1.0,5.0,3,22,3,24,"(1, 3)",8
399,1.0,5.0,3,22,3,24,"(2, 1)",8
400,1.0,5.0,3,22,3,24,"(2, 2)",12
401,1.0,5.0,3,22,3,24,"(2, 3)",6
402,1.0,5.0,3,22,3,24,"(3, 1)",7
403,1.0,5.0,3,22,3,24,"(3, 2)",5
404,1.0,5.0,3,22,3,24,"(3, 3)",10
405,1.0,6.0,1,11,1,7,"(1, 1)",2
406,1.0,6.0,1,11,1,7,"(1, 2)",6
407,1.0,6.0,1,11,1,7,"(1, 3)",3
408,1.0,6.0,1,11,1,7,"(2, 1)",3
409,1.0,6.0,1,11,1,7,"(2, 2)",2
410,1.0,6.0,1,11,1,7,"(3, 1)",2
411,1.0,6.0,1,11,1,7,"(3, 2)",1
412,1.0,6.0,1,11,1,7,"(3, 3)",1
413,1.0,6.0,1,11,2,9,"(1, 1)",2
414,1.0,6.0,1,11,2,9,"(1, 2)",6
415,1.0,6.0,1,11,2,9,"(1, 3)",3
416,1.0,6.0,1,11,2,9,"(2, 1)",3
417,1.0,6.0,1,11,2,9,"(2, 2)",2
418,1.0,6.0,1,11,2,9,"(3, 1)",2
419,1.0,6.0,1,11,2,9,"(3, 2)",1
420,1.0,6.0,1,11,2,9,"(3, 3)",1
421,1.0,6.0,1,11,3,4,"(1, 1)",2
422,1.0,6.0,1,11,3,4,"(1, 2)",6
423,1.0,6.0,1,11,3,4,"(1, 3)",3
424,1.0,6.0,1,11,3,4,"(2, 1)",3
425,1.0,6.0,1,11,3,4,"(2, 2)",2
426,1.0,6.0,1,11,3,4,"(3, 1)",2
427,1.0,6.0,1,11,3,4,"(3, 2)",1
428,1.0,6.0,1,11,3,4,"(3, 3)",1
429,1.0,6.0,2,5,1,7,"(1, 1)",2
430,1.0,6.0,2,5,1,7,"(1, 2)",6
431,1.0,6.0,2,5,1,7,"(1, 3)",3
432,1.0,6.0,2,5,1,7,"(2, 1)",3
433,1.0,6.0,2,5,1,7,"(2, 2)",2
434,1.0,6.0,2,5,1,7,"(3, 1)",2
435,1.0,6.0,2,5,1,7,"(3, 2)",1
436,1.0,6.0,2,5,1,7,"(3, 3)",1
437,1.0,6.0,2,5,2,9,"(1, 1)",2
438,1.0,6.0,2,5,2,9,"(1, 2)",6
439,1.0,6.0,2,5,2,9,"(1, 3)",3
440,1.0,6.0,2,5,2,9,"(2, 1)",3
441,1.0,6.0,2,5,2,9,"(2, 2)",2
442,1.0,6.0,2,5,2,9,"(3, 1)",2
443,1.0,6.0,2,5,2,9,"(3, 2)",1
444,1.0,6.0,2,5,2,9,"(3, 3)",1
445,1.0,6.0,2,5,3,4,"(1, 1)",2
446,1.0,6.0,2,5,3,4,"(1, 2)",6
447,1.0,6.0,2,5,3,4,"(1, 3)",3
448,1.0,6.0,2,5,3,4,"(2, 1)",3
449,1.0,6.0,2,5,3,4,"(2, 2)",2
450,1.0,6.0,2,5,3,4,"(3, 1)",2
451,1.0,6.0,2,5,3,4,"(3, 2)",1
452,1.0,6.0,2,5,3,4,"(3, 3)",1
453,1.0,6.0,3,4,1,7,"(1, 1)",2
454,1.0,6.0,3,4,1,7,"(1, 2)",6
455,1.0,6.0,3,4,1,7,"(1, 3)",3
456,1.0,6.0,3,4,1,7,"(2, 1)",3
457,1.0,6.0,3,4,1,7,"(2, 2)",2
458,1.0,6.0,3,4,1,7,"(3, 1)",2
459,1.0,6.0,3,4,1,7,"(3, 2)",1
460,1.0,6.0,3,4,1,7,"(3, 3)",1
461,1.0,6.0,3,4,2,9,"(1, 1)",2
462,1.0,6.0,3,4,2,9,"(1, 2)",6
463,1.0,6.0,3,4,2,9,"(1, 3)",3
464,1.0,6.0,3,4,2,9,"(2, 1)",3
465,1.0,6.0,3,4,2,9,"(2, 2)",2
466,1.0,6.0,3,4,2,9,"(3, 1)",2
467,1.0,6.0,3,4,2,9,"(3, 2)",1
468,1.0,6.0,3,4,2,9,"(3, 3)",1
469,1.0,6.0,3,4,3,4,"(1, 1)",2
470,1.0,6.0,3,4,3,4,"(1, 2)",6
471,1.0,6.0,3,4,3,4,"(1, 3)",3
472,1.0,6.0,3,4,3,4,"(2, 1)",3
473,1.0,6.0,3,4,3,4,"(2, 2)",2
474,1.0,6.0,3,4,3,4,"(3, 1)",2
475,1.0,6.0,3,4,3,4,"(3, 2)",1
476,1.0,6.0,3,4,3,4,"(3, 3)",1
477,2.0,1.0,1,25,1,15,"(1, 1)",9
478,2.0,1.0,1,25,1,15,"(1, 2)",6
479,2.0,1.0,1,25,1,15,"(1, 3)",10
480,2.0,1.0,1,25,1,15,"(2, 1)",4
481,2.0,1.0,1,25,1,15,"(2, 2)",2
482,2.0,1.0,1,25,1,15,"(2, 3)",7
483,2.0,1.0,1,25,1,15,"(3, 1)",2
484,2.0,1.0,1,25,1,15,"(3, 2)",7
485,2.0,1.0,1,25,1,15,"(3, 3)",5
486,2.0,1.0,1,25,2,15,"(1, 1)",9
487,2.0,1.0,1,25,2,15,"(1, 2)",6
488,2.0,1.0,1,25,2,15,"(1, 3)",10
489,2.0,1.0,1,25,2,15,"(2, 1)",4
490,2.0,1.0,1,25,2,15,"(2, 2)",2
491,2.0,1.0,1,25,2,15,"(2, 3)",7
492,2.0,1.0,1,25,2,15,"(3, 1)",2
493,2.0,1.0,1,25,2,15,"(3, 2)",7
494,2.0,1.0,1,25,2,15,"(3, 3)",5
495,2.0,1.0,1,25,3,22,"(1, 1)",9
496,2.0,1.0,1,25,3,22,"(1, 2)",6
497,2.0,1.0,1,25,3,22,"(1, 3)",10
498,2.0,1.0,1,25,3,22,"(2, 1)",4
499,2.0,1.0,1,25,3,22,"(2, 2)",2
500,2.0,1.0,1,25,3,22,"(2, 3)",7
501,2.0,1.0,1,25,3,22,"(3, 1)",2
502,2.0,1.0,1,25,3,22,"(3, 2)",7
503,2.0,1.0,1,25,3,22,"(3, 3)",5
504,2.0,1.0,2,13,1,15,"(1, 1)",9
505,2.0,1.0,2,13,1,15,"(1, 2)",6
506,2.0,1.0,2,13,1,15,"(1, 3)",10
507,2.0,1.0,2,13,1,15,"(2, 1)",4
508,2.0,1.0,2,13,1,15,"(2, 2)",2
509,2.0,1.0,2,13,1,15,"(2, 3)",7
510,2.0,1.0,2,13,1,15,"(3, 1)",2
511,2.0,1.0,2,13,1,15,"(3, 2)",7
512,2.0,1.0,2,13,1,15,"(3, 3)",5
513,2.0,1.0,2,13,2,15,"(1, 1)",9
514,2.0,1.0,2,13,2,15,"(1, 2)",6
515,2.0,1.0,2,13,2,15,"(1, 3)",10
516,2.0,1.0,2,13,2,15,"(2, 1)",4
517,2.0,1.0,2,13,2,15,"(2, 2)",2
518,2.0,1.0,2,13,2,15,"(2, 3)",7
519,2.0,1.0,2,13,2,15,"(3, 1)",2
520,2.0,1.0,2,13,2,15,"(3, 2)",7
521,2.0,1.0,2,13,2,15,"(3, 3)",5
522,2.0,1.0,2,13,3,22,"(1, 1)",9
523,2.0,1.0,2,13,3,22,"(1, 2)",6
524,2.0,1.0,2,13,3,22,"(1, 3)",10
525,2.0,1.0,2,13,3,22,"(2, 1)",4
526,2.0,1.0,2,13,3,22,"(2, 2)",2
527,2.0,1.0,2,13,3,22,"(2, 3)",7
528,2.0,1.0,2,13,3,22,"(3, 1)",2
529,2.0,1.0,2,13,3,22,"(3, 2)",7
530,2.0,1.0,2,13,3,22,"(3, 3)",5
531,2.0,1.0,3,14,1,15,"(1, 1)",9
532,2.0,1.0,3,14,1,15,"(1, 2)",6
533,2.0,1.0,3,14,1,15,"(1, 3)",10
534,2.0,1.0,3,14,1,15,"(2, 1)",4
535,2.0,1.0,3,14,1,15,"(2, 2)",2
536,2.0,1.0,3,14,1,15,"(2, 3)",7
537,2.0,1.0,3,14,1,15,"(3, 1)",2
538,2.0,1.0,3,14,1,15,"(3, 2)",7
539,2.0,1.0,3,14,1,15,"(3, 3)",5
540,2.0,1.0,3,14,2,15,"(1, 1)",9
541,2.0,1.0,3,14,2,15,"(1, 2)",6
542,2.0,1.0,3,14,2,15,"(1, 3)",10
543,2.0,1.0,3,14,2,15,"(2, 1)",4
544,2.0,1.0,3,14,2,15,"(2, 2)",2
545,2.0,1.0,3,14,2,15,"(2, 3)",7
546,2.0,1.0,3,14,2,15,"(3, 1)",2
547,2.0,1.0,3,14,2,15,"(3, 2)",7
548,2.0,1.0,3,14,2,15,"(3, 3)",5
549,2.0,1.0,3,14,3,22,"(1, 1)",9
550,2.0,1.0,3,14,3,22,"(1, 2)",6
551,2.0,1.0,3,14,3,22,"(1, 3)",10
552,2.0,1.0,3,14,3,22,"(2, 1)",4
553,2.0,1.0,3,14,3,22,"(2, 2)",2
554,2.0,1.0,3,14,3,22,"(2, 3)",7
555,2.0,1.0,3,14,3,22,"(3, 1)",2
556,2.0,1.0,3,14,3,22,"(3, 2)",7
557,2.0,1.0,3,14,3,22,"(3, 3)",5
558,2.0,2.0,1,93,1,95,"(1, 1)",21
559,2.0,2.0,1,93,1,95,"(1, 2)",43
560,2.0,2.0,1,93,1,95,"(1, 3)",29
561,2.0,2.0,1,93,1,95,"(2, 1)",42
562,2.0,2.0,1,93,1,95,"(2, 2)",33
563,2.0,2.0,1,93,1,95,"(2, 3)",28
564,2.0,2.0,1,93,1,95,"(3, 1)",32
565,2.0,2.0,1,93,1,95,"(3, 2)",36
566,2.0,2.0,1,93,1,95,"(3, 3)",42
567,2.0,2.0,1,93,2,112,"(1, 1)",21
568,2.0,2.0,1,93,2,112,"(1, 2)",43
569,2.0,2.0,1,93,2,112,"(1, 3)",29
570,2.0,2.0,1,93,2,112,"(2, 1)",42
571,2.0,2.0,1,93,2,112,"(2, 2)",33
572,2.0,2.0,1,93,2,112,"(2, 3)",28
573,2.0,2.0,1,93,2,112,"(3, 1)",32
574,2.0,2.0,1,93,2,112,"(3, 2)",36
575,2.0,2.0,1,93,2,112,"(3, 3)",42
576,2.0,2.0,1,93,3,99,"(1, 1)",21
577,2.0,2.0,1,93,3,99,"(1, 2)",43
578,2.0,2.0,1,93,3,99,"(1, 3)",29
579,2.0,2.0,1,93,3,99,"(2, 1)",42
580,2.0,2.0,1,93,3,99,"(2, 2)",33
581,2.0,2.0,1,93,3,99,"(2, 3)",28
582,2.0,2.0,1,93,3,99,"(3, 1)",32
583,2.0,2.0,1,93,3,99,"(3, 2)",36
584,2.0,2.0,1,93,3,99,"(3, 3)",42
585,2.0,2.0,2,103,1,95,"(1, 1)",21
586,2.0,2.0,2,103,1,95,"(1, 2)",43
587,2.0,2.0,2,103,1,95,"(1, 3)",29
588,2.0,2.0,2,103,1,95,"(2, 1)",42
589,2.0,2.0,2,103,1,95,"(2, 2)",33
590,2.0,2.0,2,103,1,95,"(2, 3)",28
591,2.0,2.0,2,103,1,95,"(3, 1)",32
592,2.0,2.0,2,103,1,95,"(3, 2)",36
593,2.0,2.0,2,103,1,95,"(3, 3)",42
594,2.0,2.0,2,103,2,112,"(1, 1)",21
595,2.0,2.0,2,103,2,112,"(1, 2)",43
596,2.0,2.0,2,103,2,112,"(1, 3)",29
597,2.0,2.0,2,103,2,112,"(2, 1)",42
598,2.0,2.0,2,103,2,112,"(2, 2)",33
599,2.0,2.0,2,103,2,112,"(2, 3)",28
600,2.0,2.0,2,103,2,112,"(3, 1)",32
601,2.0,2.0,2,103,2,112,"(3, 2)",36
602,2.0,2.0,2,103,2,112,"(3, 3)",42
603,2.0,2.0,2,103,3,99,"(1, 1)",21
604,2.0,2.0,2,103,3,99,"(1, 2)",43
605,2.0,2.0,2,103,3,99,"(1, 3)",29
606,2.0,2.0,2,103,3,99,"(2, 1)",42
607,2.0,2.0,2,103,3,99,"(2, 2)",33
608,2.0,2.0,2,103,3,99,"(2, 3)",28
609,2.0,2.0,2,103,3,99,"(3, 1)",32
610,2.0,2.0,2,103,3,99,"(3, 2)",36
611,2.0,2.0,2,103,3,99,"(3, 3)",42
612,2.0,2.0,3,110,1,95,"(1, 1)",21
613,2.0,2.0,3,110,1,95,"(1, 2)",43
614,2.0,2.0,3,110,1,95,"(1, 3)",29
615,2.0,2.0,3,110,1,95,"(2, 1)",42
616,2.0,2.0,3,110,1,95,"(2, 2)",33
617,2.0,2.0,3,110,1,95,"(2, 3)",28
618,2.0,2.0,3,110,1,95,"(3, 1)",32
619,2.0,2.0,3,110,1,95,"(3, 2)",36
620,2.0,2.0,3,110,1,95,"(3, 3)",42
621,2.0,2.0,3,110,2,112,"(1, 1)",21
622,2.0,2.0,3,110,2,112,"(1, 2)",43
623,2.0,2.0,3,110,2,112,"(1, 3)",29
624,2.0,2.0,3,110,2,112,"(2, 1)",42
625,2.0,2.0,3,110,2,112,"(2, 2)",33
626,2.0,2.0,3,110,2,112,"(2, 3)",28
627,2.0,2.0,3,110,2,112,"(3, 1)",32
628,2.0,2.0,3,110,2,112,"(3, 2)",36
629,2.0,2.0,3,110,2,112,"(3, 3)",42
630,2.0,2.0,3,110,3,99,"(1, 1)",21
631,2.0,2.0,3,110,3,99,"(1, 2)",43
632,2.0,2.0,3,110,3,99,"(1, 3)",29
633,2.0,2.0,3,110,3,99,"(2, 1)",42
634,2.0,2.0,3,110,3,99,"(2, 2)",33
635,2.0,2.0,3,110,3,99,"(2, 3)",28
636,2.0,2.0,3,110,3,99,"(3, 1)",32
637,2.0,2.0,3,110,3,99,"(3, 2)",36
638,2.0,2.0,3,110,3,99,"(3, 3)",42
639,2.0,3.0,1,20,1,22,"(1, 1)",7
640,2.0,3.0,1,20,1,22,"(1, 2)",7
641,2.0,3.0,1,20,1,22,"(1, 3)",6
642,2.0,3.0,1,20,1,22,"(2, 1)",9
643,2.0,3.0,1,20,1,22,"(2, 2)",6
644,2.0,3.0,1,20,1,22,"(2, 3)",4
645,2.0,3.0,1,20,1,22,"(3, 1)",6
646,2.0,3.0,1,20,1,22,"(3, 2)",13
647,2.0,3.0,1,20,1,22,"(3, 3)",7
648,2.0,3.0,1,20,2,26,"(1, 1)",7
649,2.0,3.0,1,20,2,26,"(1, 2)",7
650,2.0,3.0,1,20,2,26,"(1, 3)",6
651,2.0,3.0,1,20,2,26,"(2, 1)",9
652,2.0,3.0,1,20,2,26,"(2, 2)",6
653,2.0,3.0,1,20,2,26,"(2, 3)",4
654,2.0,3.0,1,20,2,26,"(3, 1)",6
655,2.0,3.0,1,20,2,26,"(3, 2)",13
656,2.0,3.0,1,20,2,26,"(3, 3)",7
657,2.0,3.0,1,20,3,17,"(1, 1)",7
658,2.0,3.0,1,20,3,17,"(1, 2)",7
659,2.0,3.0,1,20,3,17,"(1, 3)",6
660,2.0,3.0,1,20,3,17,"(2, 1)",9
661,2.0,3.0,1,20,3,17,"(2, 2)",6
662,2.0,3.0,1,20,3,17,"(2, 3)",4
663,2.0,3.0,1,20,3,17,"(3, 1)",6
664,2.0,3.0,1,20,3,17,"(3, 2)",13
665,2.0,3.0,1,20,3,17,"(3, 3)",7
666,2.0,3.0,2,19,1,22,"(1, 1)",7
667,2.0,3.0,2,19,1,22,"(1, 2)",7
668,2.0,3.0,2,19,1,22,"(1, 3)",6
669,2.0,3.0,2,19,1,22,"(2, 1)",9
670,2.0,3.0,2,19,1,22,"(2, 2)",6
671,2.0,3.0,2,19,1,22,"(2, 3)",4
672,2.0,3.0,2,19,1,22,"(3, 1)",6
673,2.0,3.0,2,19,1,22,"(3, 2)",13
674,2.0,3.0,2,19,1,22,"(3, 3)",7
675,2.0,3.0,2,19,2,26,"(1, 1)",7
676,2.0,3.0,2,19,2,26,"(1, 2)",7
677,2.0,3.0,2,19,2,26,"(1, 3)",6
678,2.0,3.0,2,19,2,26,"(2, 1)",9
679,2.0,3.0,2,19,2,26,"(2, 2)",6
680,2.0,3.0,2,19,2,26,"(2, 3)",4
681,2.0,3.0,2,19,2,26,"(3, 1)",6
682,2.0,3.0,2,19,2,26,"(3, 2)",13
683,2.0,3.0,2,19,2,26,"(3, 3)",7
684,2.0,3.0,2,19,3,17,"(1, 1)",7
685,2.0,3.0,2,19,3,17,"(1, 2)",7
686,2.0,3.0,2,19,3,17,"(1, 3)",6
687,2.0,3.0,2,19,3,17,"(2, 1)",9
688,2.0,3.0,2,19,3,17,"(2, 2)",6
689,2.0,3.0,2,19,3,17,"(2, 3)",4
690,2.0,3.0,2,19,3,17,"(3, 1)",6
691,2.0,3.0,2,19,3,17,"(3, 2)",13
692,2.0,3.0,2,19,3,17,"(3, 3)",7
693,2.0,3.0,3,26,1,22,"(1, 1)",7
694,2.0,3.0,3,26,1,22,"(1, 2)",7
695,2.0,3.0,3,26,1,22,"(1, 3)",6
696,2.0,3.0,3,26,1,22,"(2, 1)",9
697,2.0,3.0,3,26,1,22,"(2, 2)",6
698,2.0,3.0,3,26,1,22,"(2, 3)",4
699,2.0,3.0,3,26,1,22,"(3, 1)",6
700,2.0,3.0,3,26,1,22,"(3, 2)",13
701,2.0,3.0,3,26,1,22,"(3, 3)",7
702,2.0,3.0,3,26,2,26,"(1, 1)",7
703,2.0,3.0,3,26,2,26,"(1, 2)",7
704,2.0,3.0,3,26,2,26,"(1, 3)",6
705,2.0,3.0,3,26,2,26,"(2, 1)",9
706,2.0,3.0,3,26,2,26,"(2, 2)",6
707,2.0,3.0,3,26,2,26,"(2, 3)",4
708,2.0,3.0,3,26,2,26,"(3, 1)",6
709,2.0,3.0,3,26,2,26,"(3, 2)",13
710,2.0,3.0,3,26,2,26,"(3, 3)",7
711,2.0,3.0,3,26,3,17,"(1, 1)",7
712,2.0,3.0,3,26,3,17,"(1, 2)",7
713,2.0,3.0,3,26,3,17,"(1, 3)",6
714,2.0,3.0,3,26,3,17,"(2, 1)",9
715,2.0,3.0,3,26,3,17,"(2, 2)",6
716,2.0,3.0,3,26,3,17,"(2, 3)",4
717,2.0,3.0,3,26,3,17,"(3, 1)",6
718,2.0,3.0,3,26,3,17,"(3, 2)",13
719,2.0,3.0,3,26,3,17,"(3, 3)",7
720,2.0,4.0,1,22,1,20,"(1, 1)",7
721,2.0,4.0,1,22,1,20,"(1, 2)",10
722,2.0,4.0,1,22,1,20,"(1, 3)",5
723,2.0,4.0,1,22,1,20,"(2, 1)",9
724,2.0,4.0,1,22,1,20,"(2, 2)",4
725,2.0,4.0,1,22,1,20,"(3, 1)",4
726,2.0,4.0,1,22,1,20,"(3, 2)",6
727,2.0,4.0,1,22,1,20,"(3, 3)",4
728,2.0,4.0,1,22,2,20,"(1, 1)",7
729,2.0,4.0,1,22,2,20,"(1, 2)",10
730,2.0,4.0,1,22,2,20,"(1, 3)",5
731,2.0,4.0,1,22,2,20,"(2, 1)",9
732,2.0,4.0,1,22,2,20,"(2, 2)",4
733,2.0,4.0,1,22,2,20,"(3, 1)",4
734,2.0,4.0,1,22,2,20,"(3, 2)",6
735,2.0,4.0,1,22,2,20,"(3, 3)",4
736,2.0,4.0,1,22,3,9,"(1, 1)",7
737,2.0,4.0,1,22,3,9,"(1, 2)",10
738,2.0,4.0,1,22,3,9,"(1, 3)",5
739,2.0,4.0,1,22,3,9,"(2, 1)",9
740,2.0,4.0,1,22,3,9,"(2, 2)",4
741,2.0,4.0,1,22,3,9,"(3, 1)",4
742,2.0,4.0,1,22,3,9,"(3, 2)",6
743,2.0,4.0,1,22,3,9,"(3, 3)",4
744,2.0,4.0,2,13,1,20,"(1, 1)",7
745,2.0,4.0,2,13,1,20,"(1, 2)",10
746,2.0,4.0,2,13,1,20,"(1, 3)",5
747,2.0,4.0,2,13,1,20,"(2, 1)",9
748,2.0,4.0,2,13,1,20,"(2, 2)",4
749,2.0,4.0,2,13,1,20,"(3, 1)",4
750,2.0,4.0,2,13,1,20,"(3, 2)",6
751,2.0,4.0,2,13,1,20,"(3, 3)",4
752,2.0,4.0,2,13,2,20,"(1, 1)",7
753,2.0,4.0,2,13,2,20,"(1, 2)",10
754,2.0,4.0,2,13,2,20,"(1, 3)",5
755,2.0,4.0,2,13,2,20,"(2, 1)",9
756,2.0,4.0,2,13,2,20,"(2, 2)",4
757,2.0,4.0,2,13,2,20,"(3, 1)",4
758,2.0,4.0,2,13,2,20,"(3, 2)",6
759,2.0,4.0,2,13,2,20,"(3, 3)",4
760,2.0,4.0,2,13,3,9,"(1, 1)",7
761,2.0,4.0,2,13,3,9,"(1, 2)",10
762,2.0,4.0,2,13,3,9,"(1, 3)",5
763,2.0,4.0,2,13,3,9,"(2, 1)",9
764,2.0,4.0,2,13,3,9,"(2, 2)",4
765,2.0,4.0,2,13,3,9,"(3, 1)",4
766,2.0,4.0,2,13,3,9,"(3, 2)",6
767,2.0,4.0,2,13,3,9,"(3, 3)",4
768,2.0,4.0,3,14,1,20,"(1, 1)",7
769,2.0,4.0,3,14,1,20,"(1, 2)",10
770,2.0,4.0,3,14,1,20,"(1, 3)",5
771,2.0,4.0,3,14,1,20,"(2, 1)",9
772,2.0,4.0,3,14,1,20,"(2, 2)",4
773,2.0,4.0,3,14,1,20,"(3, 1)",4
774,2.0,4.0,3,14,1,20,"(3, 2)",6
775,2.0,4.0,3,14,1,20,"(3, 3)",4
776,2.0,4.0,3,14,2,20,"(1, 1)",7
777,2.0,4.0,3,14,2,20,"(1, 2)",10
778,2.0,4.0,3,14,2,20,"(1, 3)",5
779,2.0,4.0,3,14,2,20,"(2, 1)",9
780,2.0,4.0,3,14,2,20,"(2, 2)",4
781,2.0,4.0,3,14,2,20,"(3, 1)",4
782,2.0,4.0,3,14,2,20,"(3, 2)",6
783,2.0,4.0,3,14,2,20,"(3, 3)",4
784,2.0,4.0,3,14,3,9,"(1, 1)",7
785,2.0,4.0,3,14,3,9,"(1, 2)",10
786,2.0,4.0,3,14,3,9,"(1, 3)",5
787,2.0,4.0,3,14,3,9,"(2, 1)",9
788,2.0,4.0,3,14,3,9,"(2, 2)",4
789,2.0,4.0,3,14,3,9,"(3, 1)",4
790,2.0,4.0,3,14,3,9,"(3, 2)",6
791,2.0,4.0,3,14,3,9,"(3, 3)",4
792,2.0,5.0,1,14,1,14,"(1, 1)",3
793,2.0,5.0,1,14,1,14,"(1, 2)",8
794,2.0,5.0,1,14,1,14,"(1, 3)",3
795,2.0,5.0,1,14,1,14,"(2, 1)",4
796,2.0,5.0,1,14,1,14,"(2, 2)",4
797,2.0,5.0,1,14,1,14,"(2, 3)",3
798,2.0,5.0,1,14,1,14,"(3, 1)",7
799,2.0,5.0,1,14,1,14,"(3, 2)",5
800,2.0,5.0,1,14,1,14,"(3, 3)",8
801,2.0,5.0,1,14,2,17,"(1, 1)",3
802,2.0,5.0,1,14,2,17,"(1, 2)",8
803,2.0,5.0,1,14,2,17,"(1, 3)",3
804,2.0,5.0,1,14,2,17,"(2, 1)",4
805,2.0,5.0,1,14,2,17,"(2, 2)",4
806,2.0,5.0,1,14,2,17,"(2, 3)",3
807,2.0,5.0,1,14,2,17,"(3, 1)",7
808,2.0,5.0,1,14,2,17,"(3, 2)",5
809,2.0,5.0,1,14,2,17,"(3, 3)",8
810,2.0,5.0,1,14,3,14,"(1, 1)",3
811,2.0,5.0,1,14,3,14,"(1, 2)",8
812,2.0,5.0,1,14,3,14,"(1, 3)",3
813,2.0,5.0,1,14,3,14,"(2, 1)",4
814,2.0,5.0,1,14,3,14,"(2, 2)",4
815,2.0,5.0,1,14,3,14,"(2, 3)",3
816,2.0,5.0,1,14,3,14,"(3, 1)",7
817,2.0,5.0,1,14,3,14,"(3, 2)",5
818,2.0,5.0,1,14,3,14,"(3, 3)",8
819,2.0,5.0,2,11,1,14,"(1, 1)",3
820,2.0,5.0,2,11,1,14,"(1, 2)",8
821,2.0,5.0,2,11,1,14,"(1, 3)",3
822,2.0,5.0,2,11,1,14,"(2, 1)",4
823,2.0,5.0,2,11,1,14,"(2, 2)",4
824,2.0,5.0,2,11,1,14,"(2, 3)",3
825,2.0,5.0,2,11,1,14,"(3, 1)",7
826,2.0,5.0,2,11,1,14,"(3, 2)",5
827,2.0,5.0,2,11,1,14,"(3, 3)",8
828,2.0,5.0,2,11,2,17,"(1, 1)",3
829,2.0,5.0,2,11,2,17,"(1, 2)",8
830,2.0,5.0,2,11,2,17,"(1, 3)",3
831,2.0,5.0,2,11,2,17,"(2, 1)",4
832,2.0,5.0,2,11,2,17,"(2, 2)",4
833,2.0,5.0,2,11,2,17,"(2, 3)",3
834,2.0,5.0,2,11,2,17,"(3, 1)",7
835,2.0,5.0,2,11,2,17,"(3, 2)",5
836,2.0,5.0,2,11,2,17,"(3, 3)",8
837,2.0,5.0,2,11,3,14,"(1, 1)",3
838,2.0,5.0,2,11,3,14,"(1, 2)",8
839,2.0,5.0,2,11,3,14,"(1, 3)",3
840,2.0,5.0,2,11,3,14,"(2, 1)",4
841,2.0,5.0,2,11,3,14,"(2, 2)",4
842,2.0,5.0,2,11,3,14,"(2, 3)",3
843,2.0,5.0,2,11,3,14,"(3, 1)",7
844,2.0,5.0,2,11,3,14,"(3, 2)",5
845,2.0,5.0,2,11,3,14,"(3, 3)",8
846,2.0,5.0,3,20,1,14,"(1, 1)",3
847,2.0,5.0,3,20,1,14,"(1, 2)",8
848,2.0,5.0,3,20,1,14,"(1, 3)",3
849,2.0,5.0,3,20,1,14,"(2, 1)",4
850,2.0,5.0,3,20,1,14,"(2, 2)",4
851,2.0,5.0,3,20,1,14,"(2, 3)",3
852,2.0,5.0,3,20,1,14,"(3, 1)",7
853,2.0,5.0,3,20,1,14,"(3, 2)",5
854,2.0,5.0,3,20,1,14,"(3, 3)",8
855,2.0,5.0,3,20,2,17,"(1, 1)",3
856,2.0,5.0,3,20,2,17,"(1, 2)",8
857,2.0,5.0,3,20,2,17,"(1, 3)",3
858,2.0,5.0,3,20,2,17,"(2, 1)",4
859,2.0,5.0,3,20,2,17,"(2, 2)",4
860,2.0,5.0,3,20,2,17,"(2, 3)",3
861,2.0,5.0,3,20,2,17,"(3, 1)",7
862,2.0,5.0,3,20,2,17,"(3, 2)",5
863,2.0,5.0,3,20,2,17,"(3, 3)",8
864,2.0,5.0,3,20,3,14,"(1, 1)",3
865,2.0,5.0,3,20,3,14,"(1, 2)",8
866,2.0,5.0,3,20,3,14,"(1, 3)",3
867,2.0,5.0,3,20,3,14,"(2, 1)",4
868,2.0,5.0,3,20,3,14,"(2, 2)",4
869,2.0,5.0,3,20,3,14,"(2, 3)",3
870,2.0,5.0,3,20,3,14,"(3, 1)",7
871,2.0,5.0,3,20,3,14,"(3, 2)",5
872,2.0,5.0,3,20,3,14,"(3, 3)",8
873,3.0,1.0,1,15,1,21,"(1, 1)",5
874,3.0,1.0,1,15,1,21,"(1, 2)",5
875,3.0,1.0,1,15,1,21,"(1, 3)",5
876,3.0,1.0,1,15,1,21,"(2, 1)",10
877,3.0,1.0,1,15,1,21,"(2, 2)",4
878,3.0,1.0,1,15,1,21,"(2, 3)",7
879,3.0,1.0,1,15,1,21,"(3, 1)",6
880,3.0,1.0,1,15,1,21,"(3, 2)",6
881,3.0,1.0,1,15,1,21,"(3, 3)",5
882,3.0,1.0,1,15,2,15,"(1, 1)",5
883,3.0,1.0,1,15,2,15,"(1, 2)",5
884,3.0,1.0,1,15,2,15,"(1, 3)",5
885,3.0,1.0,1,15,2,15,"(2, 1)",10
886,3.0,1.0,1,15,2,15,"(2, 2)",4
887,3.0,1.0,1,15,2,15,"(2, 3)",7
888,3.0,1.0,1,15,2,15,"(3, 1)",6
889,3.0,1.0,1,15,2,15,"(3, 2)",6
890,3.0,1.0,1,15,2,15,"(3, 3)",5
891,3.0,1.0,1,15,3,17,"(1, 1)",5
892,3.0,1.0,1,15,3,17,"(1, 2)",5
893,3.0,1.0,1,15,3,17,"(1, 3)",5
894,3.0,1.0,1,15,3,17,"(2, 1)",10
895,3.0,1.0,1,15,3,17,"(2, 2)",4
896,3.0,1.0,1,15,3,17,"(2, 3)",7
897,3.0,1.0,1,15,3,17,"(3, 1)",6
898,3.0,1.0,1,15,3,17,"(3, 2)",6
899,3.0,1.0,1,15,3,17,"(3, 3)",5
900,3.0,1.0,2,21,1,21,"(1, 1)",5
901,3.0,1.0,2,21,1,21,"(1, 2)",5
902,3.0,1.0,2,21,1,21,"(1, 3)",5
903,3.0,1.0,2,21,1,21,"(2, 1)",10
904,3.0,1.0,2,21,1,21,"(2, 2)",4
905,3.0,1.0,2,21,1,21,"(2, 3)",7
906,3.0,1.0,2,21,1,21,"(3, 1)",6
907,3.0,1.0,2,21,1,21,"(3, 2)",6
908,3.0,1.0,2,21,1,21,"(3, 3)",5
909,3.0,1.0,2,21,2,15,"(1, 1)",5
910,3.0,1.0,2,21,2,15,"(1, 2)",5
911,3.0,1.0,2,21,2,15,"(1, 3)",5
912,3.0,1.0,2,21,2,15,"(2, 1)",10
913,3.0,1.0,2,21,2,15,"(2, 2)",4
914,3.0,1.0,2,21,2,15,"(2, 3)",7
915,3.0,1.0,2,21,2,15,"(3, 1)",6
916,3.0,1.0,2,21,2,15,"(3, 2)",6
917,3.0,1.0,2,21,2,15,"(3, 3)",5
918,3.0,1.0,2,21,3,17,"(1, 1)",5
919,3.0,1.0,2,21,3,17,"(1, 2)",5
920,3.0,1.0,2,21,3,17,"(1, 3)",5
921,3.0,1.0,2,21,3,17,"(2, 1)",10
922,3.0,1.0,2,21,3,17,"(2, 2)",4
923,3.0,1.0,2,21,3,17,"(2, 3)",7
924,3.0,1.0,2,21,3,17,"(3, 1)",6
925,3.0,1.0,2,21,3,17,"(3, 2)",6
926,3.0,1.0,2,21,3,17,"(3, 3)",5
927,3.0,1.0,3,17,1,21,"(1, 1)",5
928,3.0,1.0,3,17,1,21,"(1, 2)",5
929,3.0,1.0,3,17,1,21,"(1, 3)",5
930,3.0,1.0,3,17,1,21,"(2, 1)",10
931,3.0,1.0,3,17,1,21,"(2, 2)",4
932,3.0,1.0,3,17,1,21,"(2, 3)",7
933,3.0,1.0,3,17,1,21,"(3, 1)",6
934,3.0,1.0,3,17,1,21,"(3, 2)",6
935,3.0,1.0,3,17,1,21,"(3, 3)",5
936,3.0,1.0,3,17,2,15,"(1, 1)",5
937,3.0,1.0,3,17,2,15,"(1, 2)",5
938,3.0,1.0,3,17,2,15,"(1, 3)",5
939,3.0,1.0,3,17,2,15,"(2, 1)",10
940,3.0,1.0,3,17,2,15,"(2, 2)",4
941,3.0,1.0,3,17,2,15,"(2, 3)",7
942,3.0,1.0,3,17,2,15,"(3, 1)",6
943,3.0,1.0,3,17,2,15,"(3, 2)",6
944,3.0,1.0,3,17,2,15,"(3, 3)",5
945,3.0,1.0,3,17,3,17,"(1, 1)",5
946,3.0,1.0,3,17,3,17,"(1, 2)",5
947,3.0,1.0,3,17,3,17,"(1, 3)",5
948,3.0,1.0,3,17,3,17,"(2, 1)",10
949,3.0,1.0,3,17,3,17,"(2, 2)",4
950,3.0,1.0,3,17,3,17,"(2, 3)",7
951,3.0,1.0,3,17,3,17,"(3, 1)",6
952,3.0,1.0,3,17,3,17,"(3, 2)",6
953,3.0,1.0,3,17,3,17,"(3, 3)",5
954,3.0,2.0,1,145,1,160,"(1, 1)",50
955,3.0,2.0,1,145,1,160,"(1, 2)",55
956,3.0,2.0,1,145,1,160,"(1, 3)",40
957,3.0,2.0,1,145,1,160,"(2, 1)",58
958,3.0,2.0,1,145,1,160,"(2, 2)",45
959,3.0,2.0,1,145,1,160,"(2, 3)",50
960,3.0,2.0,1,145,1,160,"(3, 1)",52
961,3.0,2.0,1,145,1,160,"(3, 2)",43
962,3.0,2.0,1,145,1,160,"(3, 3)",65
963,3.0,2.0,1,145,2,143,"(1, 1)",50
964,3.0,2.0,1,145,2,143,"(1, 2)",55
965,3.0,2.0,1,145,2,143,"(1, 3)",40
966,3.0,2.0,1,145,2,143,"(2, 1)",58
967,3.0,2.0,1,145,2,143,"(2, 2)",45
968,3.0,2.0,1,145,2,143,"(2, 3)",50
969,3.0,2.0,1,145,2,143,"(3, 1)",52
970,3.0,2.0,1,145,2,143,"(3, 2)",43
971,3.0,2.0,1,145,2,143,"(3, 3)",65
972,3.0,2.0,1,145,3,155,"(1, 1)",50
973,3.0,2.0,1,145,3,155,"(1, 2)",55
974,3.0,2.0,1,145,3,155,"(1, 3)",40
975,3.0,2.0,1,145,3,155,"(2, 1)",58
976,3.0,2.0,1,145,3,155,"(2, 2)",45
977,3.0,2.0,1,145,3,155,"(2, 3)",50
978,3.0,2.0,1,145,3,155,"(3, 1)",52
979,3.0,2.0,1,145,3,155,"(3, 2)",43
980,3.0,2.0,1,145,3,155,"(3, 3)",65
981,3.0,2.0,2,153,1,160,"(1, 1)",50
982,3.0,2.0,2,153,1,160,"(1, 2)",55
983,3.0,2.0,2,153,1,160,"(1, 3)",40
984,3.0,2.0,2,153,1,160,"(2, 1)",58
985,3.0,2.0,2,153,1,160,"(2, 2)",45
986,3.0,2.0,2,153,1,160,"(2, 3)",50
987,3.0,2.0,2,153,1,160,"(3, 1)",52
988,3.0,2.0,2,153,1,160,"(3, 2)",43
989,3.0,2.0,2,153,1,160,"(3, 3)",65
990,3.0,2.0,2,153,2,143,"(1, 1)",50
991,3.0,2.0,2,153,2,143,"(1, 2)",55
992,3.0,2.0,2,153,2,143,"(1, 3)",40
993,3.0,2.0,2,153,2,143,"(2, 1)",58
994,3.0,2.0,2,153,2,143,"(2, 2)",45
995,3.0,2.0,2,153,2,143,"(2, 3)",50
996,3.0,2.0,2,153,2,143,"(3, 1)",52
997,3.0,2.0,2,153,2,143,"(3, 2)",43
998,3.0,2.0,2,153,2,143,"(3, 3)",65
999,3.0,2.0,2,153,3,155,"(1, 1)",50
1000,3.0,2.0,2,153,3,155,"(1, 2)",55
1001,3.0,2.0,2,153,3,155,"(1, 3)",40
1002,3.0,2.0,2,153,3,155,"(2, 1)",58
1003,3.0,2.0,2,153,3,155,"(2, 2)",45
1004,3.0,2.0,2,153,3,155,"(2, 3)",50
1005,3.0,2.0,2,153,3,155,"(3, 1)",52
1006,3.0,2.0,2,153,3,155,"(3, 2)",43
1007,3.0,2.0,2,153,3,155,"(3, 3)",65
1008,3.0,2.0,3,160,1,160,"(1, 1)",50
1009,3.0,2.0,3,160,1,160,"(1, 2)",55
1010,3.0,2.0,3,160,1,160,"(1, 3)",40
1011,3.0,2.0,3,160,1,160,"(2, 1)",58
1012,3.0,2.0,3,160,1,160,"(2, 2)",45
1013,3.0,2.0,3,160,1,160,"(2, 3)",50
1014,3.0,2.0,3,160,1,160,"(3, 1)",52
1015,3.0,2.0,3,160,1,160,"(3, 2)",43
1016,3.0,2.0,3,160,1,160,"(3, 3)",65
1017,3.0,2.0,3,160,2,143,"(1, 1)",50
1018,3.0,2.0,3,160,2,143,"(1, 2)",55
1019,3.0,2.0,3,160,2,143,"(1, 3)",40
1020,3.0,2.0,3,160,2,143,"(2, 1)",58
1021,3.0,2.0,3,160,2,143,"(2, 2)",45
1022,3.0,2.0,3,160,2,143,"(2, 3)",50
1023,3.0,2.0,3,160,2,143,"(3, 1)",52
1024,3.0,2.0,3,160,2,143,"(3, 2)",43
1025,3.0,2.0,3,160,2,143,"(3, 3)",65
1026,3.0,2.0,3,160,3,155,"(1, 1)",50
1027,3.0,2.0,3,160,3,155,"(1, 2)",55
1028,3.0,2.0,3,160,3,155,"(1, 3)",40
1029,3.0,2.0,3,160,3,155,"(2, 1)",58
1030,3.0,2.0,3,160,3,155,"(2, 2)",45
1031,3.0,2.0,3,160,3,155,"(2, 3)",50
1032,3.0,2.0,3,160,3,155,"(3, 1)",52
1033,3.0,2.0,3,160,3,155,"(3, 2)",43
1034,3.0,2.0,3,160,3,155,"(3, 3)",65
1035,3.0,3.0,1,47,1,44,"(1, 1)",14
1036,3.0,3.0,1,47,1,44,"(1, 2)",24
1037,3.0,3.0,1,47,1,44,"(1, 3)",9
1038,3.0,3.0,1,47,1,44,"(2, 1)",17
1039,3.0,3.0,1,47,1,44,"(2, 2)",14
1040,3.0,3.0,1,47,1,44,"(2, 3)",9
1041,3.0,3.0,1,47,1,44,"(3, 1)",13
1042,3.0,3.0,1,47,1,44,"(3, 2)",15
1043,3.0,3.0,1,47,1,44,"(3, 3)",20
1044,3.0,3.0,1,47,2,53,"(1, 1)",14
1045,3.0,3.0,1,47,2,53,"(1, 2)",24
1046,3.0,3.0,1,47,2,53,"(1, 3)",9
1047,3.0,3.0,1,47,2,53,"(2, 1)",17
1048,3.0,3.0,1,47,2,53,"(2, 2)",14
1049,3.0,3.0,1,47,2,53,"(2, 3)",9
1050,3.0,3.0,1,47,2,53,"(3, 1)",13
1051,3.0,3.0,1,47,2,53,"(3, 2)",15
1052,3.0,3.0,1,47,2,53,"(3, 3)",20
1053,3.0,3.0,1,47,3,38,"(1, 1)",14
1054,3.0,3.0,1,47,3,38,"(1, 2)",24
1055,3.0,3.0,1,47,3,38,"(1, 3)",9
1056,3.0,3.0,1,47,3,38,"(2, 1)",17
1057,3.0,3.0,1,47,3,38,"(2, 2)",14
1058,3.0,3.0,1,47,3,38,"(2, 3)",9
1059,3.0,3.0,1,47,3,38,"(3, 1)",13
1060,3.0,3.0,1,47,3,38,"(3, 2)",15
1061,3.0,3.0,1,47,3,38,"(3, 3)",20
1062,3.0,3.0,2,40,1,44,"(1, 1)",14
1063,3.0,3.0,2,40,1,44,"(1, 2)",24
1064,3.0,3.0,2,40,1,44,"(1, 3)",9
1065,3.0,3.0,2,40,1,44,"(2, 1)",17
1066,3.0,3.0,2,40,1,44,"(2, 2)",14
1067,3.0,3.0,2,40,1,44,"(2, 3)",9
1068,3.0,3.0,2,40,1,44,"(3, 1)",13
1069,3.0,3.0,2,40,1,44,"(3, 2)",15
1070,3.0,3.0,2,40,1,44,"(3, 3)",20
1071,3.0,3.0,2,40,2,53,"(1, 1)",14
1072,3.0,3.0,2,40,2,53,"(1, 2)",24
1073,3.0,3.0,2,40,2,53,"(1, 3)",9
1074,3.0,3.0,2,40,2,53,"(2, 1)",17
1075,3.0,3.0,2,40,2,53,"(2, 2)",14
1076,3.0,3.0,2,40,2,53,"(2, 3)",9
1077,3.0,3.0,2,40,2,53,"(3, 1)",13
1078,3.0,3.0,2,40,2,53,"(3, 2)",15
1079,3.0,3.0,2,40,2,53,"(3, 3)",20
1080,3.0,3.0,2,40,3,38,"(1, 1)",14
1081,3.0,3.0,2,40,3,38,"(1, 2)",24
1082,3.0,3.0,2,40,3,38,"(1, 3)",9
1083,3.0,3.0,2,40,3,38,"(2, 1)",17
1084,3.0,3.0,2,40,3,38,"(2, 2)",14
1085,3.0,3.0,2,40,3,38,"(2, 3)",9
1086,3.0,3.0,2,40,3,38,"(3, 1)",13
1087,3.0,3.0,2,40,3,38,"(3, 2)",15
1088,3.0,3.0,2,40,3,38,"(3, 3)",20
1089,3.0,3.0,3,48,1,44,"(1, 1)",14
1090,3.0,3.0,3,48,1,44,"(1, 2)",24
1091,3.0,3.0,3,48,1,44,"(1, 3)",9
1092,3.0,3.0,3,48,1,44,"(2, 1)",17
1093,3.0,3.0,3,48,1,44,"(2, 2)",14
1094,3.0,3.0,3,48,1,44,"(2, 3)",9
1095,3.0,3.0,3,48,1,44,"(3, 1)",13
1096,3.0,3.0,3,48,1,44,"(3, 2)",15
1097,3.0,3.0,3,48,1,44,"(3, 3)",20
1098,3.0,3.0,3,48,2,53,"(1, 1)",14
1099,3.0,3.0,3,48,2,53,"(1, 2)",24
1100,3.0,3.0,3,48,2,53,"(1, 3)",9
1101,3.0,3.0,3,48,2,53,"(2, 1)",17
1102,3.0,3.0,3,48,2,53,"(2, 2)",14
1103,3.0,3.0,3,48,2,53,"(2, 3)",9
1104,3.0,3.0,3,48,2,53,"(3, 1)",13
1105,3.0,3.0,3,48,2,53,"(3, 2)",15
1106,3.0,3.0,3,48,2,53,"(3, 3)",20
1107,3.0,3.0,3,48,3,38,"(1, 1)",14
1108,3.0,3.0,3,48,3,38,"(1, 2)",24
1109,3.0,3.0,3,48,3,38,"(1, 3)",9
1110,3.0,3.0,3,48,3,38,"(2, 1)",17
1111,3.0,3.0,3,48,3,38,"(2, 2)",14
1112,3.0,3.0,3,48,3,38,"(2, 3)",9
1113,3.0,3.0,3,48,3,38,"(3, 1)",13
1114,3.0,3.0,3,48,3,38,"(3, 2)",15
1115,3.0,3.0,3,48,3,38,"(3, 3)",20
1116,3.0,4.0,1,37,1,50,"(1, 1)",17
1117,3.0,4.0,1,37,1,50,"(1, 2)",13
1118,3.0,4.0,1,37,1,50,"(1, 3)",7
1119,3.0,4.0,1,37,1,50,"(2, 1)",20
1120,3.0,4.0,1,37,1,50,"(2, 2)",15
1121,3.0,4.0,1,37,1,50,"(2, 3)",14
1122,3.0,4.0,1,37,1,50,"(3, 1)",13
1123,3.0,4.0,1,37,1,50,"(3, 2)",12
1124,3.0,4.0,1,37,1,50,"(3, 3)",18
1125,3.0,4.0,1,37,2,40,"(1, 1)",17
1126,3.0,4.0,1,37,2,40,"(1, 2)",13
1127,3.0,4.0,1,37,2,40,"(1, 3)",7
1128,3.0,4.0,1,37,2,40,"(2, 1)",20
1129,3.0,4.0,1,37,2,40,"(2, 2)",15
1130,3.0,4.0,1,37,2,40,"(2, 3)",14
1131,3.0,4.0,1,37,2,40,"(3, 1)",13
1132,3.0,4.0,1,37,2,40,"(3, 2)",12
1133,3.0,4.0,1,37,2,40,"(3, 3)",18
1134,3.0,4.0,1,37,3,39,"(1, 1)",17
1135,3.0,4.0,1,37,3,39,"(1, 2)",13
1136,3.0,4.0,1,37,3,39,"(1, 3)",7
1137,3.0,4.0,1,37,3,39,"(2, 1)",20
1138,3.0,4.0,1,37,3,39,"(2, 2)",15
1139,3.0,4.0,1,37,3,39,"(2, 3)",14
1140,3.0,4.0,1,37,3,39,"(3, 1)",13
1141,3.0,4.0,1,37,3,39,"(3, 2)",12
1142,3.0,4.0,1,37,3,39,"(3, 3)",18
1143,3.0,4.0,2,49,1,50,"(1, 1)",17
1144,3.0,4.0,2,49,1,50,"(1, 2)",13
1145,3.0,4.0,2,49,1,50,"(1, 3)",7
1146,3.0,4.0,2,49,1,50,"(2, 1)",20
1147,3.0,4.0,2,49,1,50,"(2, 2)",15
1148,3.0,4.0,2,49,1,50,"(2, 3)",14
1149,3.0,4.0,2,49,1,50,"(3, 1)",13
1150,3.0,4.0,2,49,1,50,"(3, 2)",12
1151,3.0,4.0,2,49,1,50,"(3, 3)",18
1152,3.0,4.0,2,49,2,40,"(1, 1)",17
1153,3.0,4.0,2,49,2,40,"(1, 2)",13
1154,3.0,4.0,2,49,2,40,"(1, 3)",7
1155,3.0,4.0,2,49,2,40,"(2, 1)",20
1156,3.0,4.0,2,49,2,40,"(2, 2)",15
1157,3.0,4.0,2,49,2,40,"(2, 3)",14
1158,3.0,4.0,2,49,2,40,"(3, 1)",13
1159,3.0,4.0,2,49,2,40,"(3, 2)",12
1160,3.0,4.0,2,49,2,40,"(3, 3)",18
1161,3.0,4.0,2,49,3,39,"(1, 1)",17
1162,3.0,4.0,2,49,3,39,"(1, 2)",13
1163,3.0,4.0,2,49,3,39,"(1, 3)",7
1164,3.0,4.0,2,49,3,39,"(2, 1)",20
1165,3.0,4.0,2,49,3,39,"(2, 2)",15
1166,3.0,4.0,2,49,3,39,"(2, 3)",14
1167,3.0,4.0,2,49,3,39,"(3, 1)",13
1168,3.0,4.0,2,49,3,39,"(3, 2)",12
1169,3.0,4.0,2,49,3,39,"(3, 3)",18
1170,3.0,4.0,3,43,1,50,"(1, 1)",17
1171,3.0,4.0,3,43,1,50,"(1, 2)",13
1172,3.0,4.0,3,43,1,50,"(1, 3)",7
1173,3.0,4.0,3,43,1,50,"(2, 1)",20
1174,3.0,4.0,3,43,1,50,"(2, 2)",15
1175,3.0,4.0,3,43,1,50,"(2, 3)",14
1176,3.0,4.0,3,43,1,50,"(3, 1)",13
1177,3.0,4.0,3,43,1,50,"(3, 2)",12
1178,3.0,4.0,3,43,1,50,"(3, 3)",18
1179,3.0,4.0,3,43,2,40,"(1, 1)",17
1180,3.0,4.0,3,43,2,40,"(1, 2)",13
1181,3.0,4.0,3,43,2,40,"(1, 3)",7
1182,3.0,4.0,3,43,2,40,"(2, 1)",20
1183,3.0,4.0,3,43,2,40,"(2, 2)",15
1184,3.0,4.0,3,43,2,40,"(2, 3)",14
1185,3.0,4.0,3,43,2,40,"(3, 1)",13
1186,3.0,4.0,3,43,2,40,"(3, 2)",12
1187,3.0,4.0,3,43,2,40,"(3, 3)",18
1188,3.0,4.0,3,43,3,39,"(1, 1)",17
1189,3.0,4.0,3,43,3,39,"(1, 2)",13
1190,3.0,4.0,3,43,3,39,"(1, 3)",7
1191,3.0,4.0,3,43,3,39,"(2, 1)",20
1192,3.0,4.0,3,43,3,39,"(2, 2)",15
1193,3.0,4.0,3,43,3,39,"(2, 3)",14
1194,3.0,4.0,3,43,3,39,"(3, 1)",13
1195,3.0,4.0,3,43,3,39,"(3, 2)",12
1196,3.0,4.0,3,43,3,39,"(3, 3)",18
1197,3.0,5.0,1,17,1,13,"(1, 1)",5
1198,3.0,5.0,1,17,1,13,"(1, 2)",6
1199,3.0,5.0,1,17,1,13,"(1, 3)",6
1200,3.0,5.0,1,17,1,13,"(2, 1)",5
1201,3.0,5.0,1,17,1,13,"(2, 2)",7
1202,3.0,5.0,1,17,1,13,"(2, 3)",5
1203,3.0,5.0,1,17,1,13,"(3, 1)",3
1204,3.0,5.0,1,17,1,13,"(3, 2)",8
1205,3.0,5.0,1,17,1,13,"(3, 3)",4
1206,3.0,5.0,1,17,2,21,"(1, 1)",5
1207,3.0,5.0,1,17,2,21,"(1, 2)",6
1208,3.0,5.0,1,17,2,21,"(1, 3)",6
1209,3.0,5.0,1,17,2,21,"(2, 1)",5
1210,3.0,5.0,1,17,2,21,"(2, 2)",7
1211,3.0,5.0,1,17,2,21,"(2, 3)",5
1212,3.0,5.0,1,17,2,21,"(3, 1)",3
1213,3.0,5.0,1,17,2,21,"(3, 2)",8
1214,3.0,5.0,1,17,2,21,"(3, 3)",4
1215,3.0,5.0,1,17,3,15,"(1, 1)",5
1216,3.0,5.0,1,17,3,15,"(1, 2)",6
1217,3.0,5.0,1,17,3,15,"(1, 3)",6
1218,3.0,5.0,1,17,3,15,"(2, 1)",5
1219,3.0,5.0,1,17,3,15,"(2, 2)",7
1220,3.0,5.0,1,17,3,15,"(2, 3)",5
1221,3.0,5.0,1,17,3,15,"(3, 1)",3
1222,3.0,5.0,1,17,3,15,"(3, 2)",8
1223,3.0,5.0,1,17,3,15,"(3, 3)",4
1224,3.0,5.0,2,17,1,13,"(1, 1)",5
1225,3.0,5.0,2,17,1,13,"(1, 2)",6
1226,3.0,5.0,2,17,1,13,"(1, 3)",6
1227,3.0,5.0,2,17,1,13,"(2, 1)",5
1228,3.0,5.0,2,17,1,13,"(2, 2)",7
1229,3.0,5.0,2,17,1,13,"(2, 3)",5
1230,3.0,5.0,2,17,1,13,"(3, 1)",3
1231,3.0,5.0,2,17,1,13,"(3, 2)",8
1232,3.0,5.0,2,17,1,13,"(3, 3)",4
1233,3.0,5.0,2,17,2,21,"(1, 1)",5
1234,3.0,5.0,2,17,2,21,"(1, 2)",6
1235,3.0,5.0,2,17,2,21,"(1, 3)",6
1236,3.0,5.0,2,17,2,21,"(2, 1)",5
1237,3.0,5.0,2,17,2,21,"(2, 2)",7
1238,3.0,5.0,2,17,2,21,"(2, 3)",5
1239,3.0,5.0,2,17,2,21,"(3, 1)",3
1240,3.0,5.0,2,17,2,21,"(3, 2)",8
1241,3.0,5.0,2,17,2,21,"(3, 3)",4
1242,3.0,5.0,2,17,3,15,"(1, 1)",5
1243,3.0,5.0,2,17,3,15,"(1, 2)",6
1244,3.0,5.0,2,17,3,15,"(1, 3)",6
1245,3.0,5.0,2,17,3,15,"(2, 1)",5
1246,3.0,5.0,2,17,3,15,"(2, 2)",7
1247,3.0,5.0,2,17,3,15,"(2, 3)",5
1248,3.0,5.0,2,17,3,15,"(3, 1)",3
1249,3.0,5.0,2,17,3,15,"(3, 2)",8
1250,3.0,5.0,2,17,3,15,"(3, 3)",4
1251,3.0,5.0,3,15,1,13,"(1, 1)",5
1252,3.0,5.0,3,15,1,13,"(1, 2)",6
1253,3.0,5.0,3,15,1,13,"(1, 3)",6
1254,3.0,5.0,3,15,1,13,"(2, 1)",5
1255,3.0,5.0,3,15,1,13,"(2, 2)",7
1256,3.0,5.0,3,15,1,13,"(2, 3)",5
1257,3.0,5.0,3,15,1,13,"(3, 1)",3
1258,3.0,5.0,3,15,1,13,"(3, 2)",8
1259,3.0,5.0,3,15,1,13,"(3, 3)",4
1260,3.0,5.0,3,15,2,21,"(1, 1)",5
1261,3.0,5.0,3,15,2,21,"(1, 2)",6
1262,3.0,5.0,3,15,2,21,"(1, 3)",6
1263,3.0,5.0,3,15,2,21,"(2, 1)",5
1264,3.0,5.0,3,15,2,21,"(2, 2)",7
1265,3.0,5.0,3,15,2,21,"(2, 3)",5
1266,3.0,5.0,3,15,2,21,"(3, 1)",3
1267,3.0,5.0,3,15,2,21,"(3, 2)",8
1268,3.0,5.0,3,15,2,21,"(3, 3)",4
1269,3.0,5.0,3,15,3,15,"(1, 1)",5
1270,3.0,5.0,3,15,3,15,"(1, 2)",6
1271,3.0,5.0,3,15,3,15,"(1, 3)",6
1272,3.0,5.0,3,15,3,15,"(2, 1)",5
1273,3.0,5.0,3,15,3,15,"(2, 2)",7
1274,3.0,5.0,3,15,3,15,"(2, 3)",5
1275,3.0,5.0,3,15,3,15,"(3, 1)",3
1276,3.0,5.0,3,15,3,15,"(3, 2)",8
1277,3.0,5.0,3,15,3,15,"(3, 3)",4
1278,3.0,6.0,1,5,1,2,"(1, 1)",1
1279,3.0,6.0,1,5,1,2,"(1, 2)",3
1280,3.0,6.0,1,5,1,2,"(1, 3)",1
1281,3.0,6.0,1,5,1,2,"(2, 2)",2
1282,3.0,6.0,1,5,1,2,"(2, 3)",1
1283,3.0,6.0,1,5,1,2,"(3, 1)",1
1284,3.0,6.0,1,5,1,2,"(3, 3)",1
1285,3.0,6.0,1,5,2,5,"(1, 1)",1
1286,3.0,6.0,1,5,2,5,"(1, 2)",3
1287,3.0,6.0,1,5,2,5,"(1, 3)",1
1288,3.0,6.0,1,5,2,5,"(2, 2)",2
1289,3.0,6.0,1,5,2,5,"(2, 3)",1
1290,3.0,6.0,1,5,2,5,"(3, 1)",1
1291,3.0,6.0,1,5,2,5,"(3, 3)",1
1292,3.0,6.0,1,5,3,3,"(1, 1)",1
1293,3.0,6.0,1,5,3,3,"(1, 2)",3
1294,3.0,6.0,1,5,3,3,"(1, 3)",1
1295,3.0,6.0,1,5,3,3,"(2, 2)",2
1296,3.0,6.0,1,5,3,3,"(2, 3)",1
1297,3.0,6.0,1,5,3,3,"(3, 1)",1
1298,3.0,6.0,1,5,3,3,"(3, 3)",1
1299,3.0,6.0,2,3,1,2,"(1, 1)",1
1300,3.0,6.0,2,3,1,2,"(1, 2)",3
1301,3.0,6.0,2,3,1,2,"(1, 3)",1
1302,3.0,6.0,2,3,1,2,"(2, 2)",2
1303,3.0,6.0,2,3,1,2,"(2, 3)",1
1304,3.0,6.0,2,3,1,2,"(3, 1)",1
1305,3.0,6.0,2,3,1,2,"(3, 3)",1
1306,3.0,6.0,2,3,2,5,"(1, 1)",1
1307,3.0,6.0,2,3,2,5,"(1, 2)",3
1308,3.0,6.0,2,3,2,5,"(1, 3)",1
1309,3.0,6.0,2,3,2,5,"(2, 2)",2
1310,3.0,6.0,2,3,2,5,"(2, 3)",1
1311,3.0,6.0,2,3,2,5,"(3, 1)",1
1312,3.0,6.0,2,3,2,5,"(3, 3)",1
1313,3.0,6.0,2,3,3,3,"(1, 1)",1
1314,3.0,6.0,2,3,3,3,"(1, 2)",3
1315,3.0,6.0,2,3,3,3,"(1, 3)",1
1316,3.0,6.0,2,3,3,3,"(2, 2)",2
1317,3.0,6.0,2,3,3,3,"(2, 3)",1
1318,3.0,6.0,2,3,3,3,"(3, 1)",1
1319,3.0,6.0,2,3,3,3,"(3, 3)",1
1320,3.0,6.0,3,2,1,2,"(1, 1)",1
1321,3.0,6.0,3,2,1,2,"(1, 2)",3
1322,3.0,6.0,3,2,1,2,"(1, 3)",1
1323,3.0,6.0,3,2,1,2,"(2, 2)",2
1324,3.0,6.0,3,2,1,2,"(2, 3)",1
1325,3.0,6.0,3,2,1,2,"(3, 1)",1
1326,3.0,6.0,3,2,1,2,"(3, 3)",1
1327,3.0,6.0,3,2,2,5,"(1, 1)",1
1328,3.0,6.0,3,2,2,5,"(1, 2)",3
1329,3.0,6.0,3,2,2,5,"(1, 3)",1
1330,3.0,6.0,3,2,2,5,"(2, 2)",2
1331,3.0,6.0,3,2,2,5,"(2, 3)",1
1332,3.0,6.0,3,2,2,5,"(3, 1)",1
1333,3.0,6.0,3,2,2,5,"(3, 3)",1
1334,3.0,6.0,3,2,3,3,"(1, 1)",1
1335,3.0,6.0,3,2,3,3,"(1, 2)",3
1336,3.0,6.0,3,2,3,3,"(1, 3)",1
1337,3.0,6.0,3,2,3,3,"(2, 2)",2
1338,3.0,6.0,3,2,3,3,"(2, 3)",1
1339,3.0,6.0,3,2,3,3,"(3, 1)",1
1340,3.0,6.0,3,2,3,3,"(3, 3)",1
1341,4.0,1.0,1,11,1,14,"(1, 1)",2
1342,4.0,1.0,1,11,1,14,"(1, 2)",4
1343,4.0,1.0,1,11,1,14,"(1, 3)",5
1344,4.0,1.0,1,11,1,14,"(2, 1)",7
1345,4.0,1.0,1,11,1,14,"(2, 2)",5
1346,4.0,1.0,1,11,1,14,"(2, 3)",6
1347,4.0,1.0,1,11,1,14,"(3, 1)",5
1348,4.0,1.0,1,11,1,14,"(3, 2)",3
1349,4.0,1.0,1,11,1,14,"(3, 3)",3
1350,4.0,1.0,1,11,2,12,"(1, 1)",2
1351,4.0,1.0,1,11,2,12,"(1, 2)",4
1352,4.0,1.0,1,11,2,12,"(1, 3)",5
1353,4.0,1.0,1,11,2,12,"(2, 1)",7
1354,4.0,1.0,1,11,2,12,"(2, 2)",5
1355,4.0,1.0,1,11,2,12,"(2, 3)",6
1356,4.0,1.0,1,11,2,12,"(3, 1)",5
1357,4.0,1.0,1,11,2,12,"(3, 2)",3
1358,4.0,1.0,1,11,2,12,"(3, 3)",3
1359,4.0,1.0,1,11,3,14,"(1, 1)",2
1360,4.0,1.0,1,11,3,14,"(1, 2)",4
1361,4.0,1.0,1,11,3,14,"(1, 3)",5
1362,4.0,1.0,1,11,3,14,"(2, 1)",7
1363,4.0,1.0,1,11,3,14,"(2, 2)",5
1364,4.0,1.0,1,11,3,14,"(2, 3)",6
1365,4.0,1.0,1,11,3,14,"(3, 1)",5
1366,4.0,1.0,1,11,3,14,"(3, 2)",3
1367,4.0,1.0,1,11,3,14,"(3, 3)",3
1368,4.0,1.0,2,18,1,14,"(1, 1)",2
1369,4.0,1.0,2,18,1,14,"(1, 2)",4
1370,4.0,1.0,2,18,1,14,"(1, 3)",5
1371,4.0,1.0,2,18,1,14,"(2, 1)",7
1372,4.0,1.0,2,18,1,14,"(2, 2)",5
1373,4.0,1.0,2,18,1,14,"(2, 3)",6
1374,4.0,1.0,2,18,1,14,"(3, 1)",5
1375,4.0,1.0,2,18,1,14,"(3, 2)",3
1376,4.0,1.0,2,18,1,14,"(3, 3)",3
1377,4.0,1.0,2,18,2,12,"(1, 1)",2
1378,4.0,1.0,2,18,2,12,"(1, 2)",4
1379,4.0,1.0,2,18,2,12,"(1, 3)",5
1380,4.0,1.0,2,18,2,12,"(2, 1)",7
1381,4.0,1.0,2,18,2,12,"(2, 2)",5
1382,4.0,1.0,2,18,2,12,"(2, 3)",6
1383,4.0,1.0,2,18,2,12,"(3, 1)",5
1384,4.0,1.0,2,18,2,12,"(3, 2)",3
1385,4.0,1.0,2,18,2,12,"(3, 3)",3
1386,4.0,1.0,2,18,3,14,"(1, 1)",2
1387,4.0,1.0,2,18,3,14,"(1, 2)",4
1388,4.0,1.0,2,18,3,14,"(1, 3)",5
1389,4.0,1.0,2,18,3,14,"(2, 1)",7
1390,4.0,1.0,2,18,3,14,"(2, 2)",5
1391,4.0,1.0,2,18,3,14,"(2, 3)",6
1392,4.0,1.0,2,18,3,14,"(3, 1)",5
1393,4.0,1.0,2,18,3,14,"(3, 2)",3
1394,4.0,1.0,2,18,3,14,"(3, 3)",3
1395,4.0,1.0,3,11,1,14,"(1, 1)",2
1396,4.0,1.0,3,11,1,14,"(1, 2)",4
1397,4.0,1.0,3,11,1,14,"(1, 3)",5
1398,4.0,1.0,3,11,1,14,"(2, 1)",7
1399,4.0,1.0,3,11,1,14,"(2, 2)",5
1400,4.0,1.0,3,11,1,14,"(2, 3)",6
1401,4.0,1.0,3,11,1,14,"(3, 1)",5
1402,4.0,1.0,3,11,1,14,"(3, 2)",3
1403,4.0,1.0,3,11,1,14,"(3, 3)",3
1404,4.0,1.0,3,11,2,12,"(1, 1)",2
1405,4.0,1.0,3,11,2,12,"(1, 2)",4
1406,4.0,1.0,3,11,2,12,"(1, 3)",5
1407,4.0,1.0,3,11,2,12,"(2, 1)",7
1408,4.0,1.0,3,11,2,12,"(2, 2)",5
1409,4.0,1.0,3,11,2,12,"(2, 3)",6
1410,4.0,1.0,3,11,2,12,"(3, 1)",5
1411,4.0,1.0,3,11,2,12,"(3, 2)",3
1412,4.0,1.0,3,11,2,12,"(3, 3)",3
1413,4.0,1.0,3,11,3,14,"(1, 1)",2
1414,4.0,1.0,3,11,3,14,"(1, 2)",4
1415,4.0,1.0,3,11,3,14,"(1, 3)",5
1416,4.0,1.0,3,11,3,14,"(2, 1)",7
1417,4.0,1.0,3,11,3,14,"(2, 2)",5
1418,4.0,1.0,3,11,3,14,"(2, 3)",6
1419,4.0,1.0,3,11,3,14,"(3, 1)",5
1420,4.0,1.0,3,11,3,14,"(3, 2)",3
1421,4.0,1.0,3,11,3,14,"(3, 3)",3
1422,4.0,2.0,1,261,1,247,"(1, 1)",85
1423,4.0,2.0,1,261,1,247,"(1, 2)",116
1424,4.0,2.0,1,261,1,247,"(1, 3)",60
1425,4.0,2.0,1,261,1,247,"(2, 1)",93
1426,4.0,2.0,1,261,1,247,"(2, 2)",67
1427,4.0,2.0,1,261,1,247,"(2, 3)",63
1428,4.0,2.0,1,261,1,247,"(3, 1)",69
1429,4.0,2.0,1,261,1,247,"(3, 2)",63
1430,4.0,2.0,1,261,1,247,"(3, 3)",88
1431,4.0,2.0,1,261,2,246,"(1, 1)",85
1432,4.0,2.0,1,261,2,246,"(1, 2)",116
1433,4.0,2.0,1,261,2,246,"(1, 3)",60
1434,4.0,2.0,1,261,2,246,"(2, 1)",93
1435,4.0,2.0,1,261,2,246,"(2, 2)",67
1436,4.0,2.0,1,261,2,246,"(2, 3)",63
1437,4.0,2.0,1,261,2,246,"(3, 1)",69
1438,4.0,2.0,1,261,2,246,"(3, 2)",63
1439,4.0,2.0,1,261,2,246,"(3, 3)",88
1440,4.0,2.0,1,261,3,211,"(1, 1)",85
1441,4.0,2.0,1,261,3,211,"(1, 2)",116
1442,4.0,2.0,1,261,3,211,"(1, 3)",60
1443,4.0,2.0,1,261,3,211,"(2, 1)",93
1444,4.0,2.0,1,261,3,211,"(2, 2)",67
1445,4.0,2.0,1,261,3,211,"(2, 3)",63
1446,4.0,2.0,1,261,3,211,"(3, 1)",69
1447,4.0,2.0,1,261,3,211,"(3, 2)",63
1448,4.0,2.0,1,261,3,211,"(3, 3)",88
1449,4.0,2.0,2,223,1,247,"(1, 1)",85
1450,4.0,2.0,2,223,1,247,"(1, 2)",116
1451,4.0,2.0,2,223,1,247,"(1, 3)",60
1452,4.0,2.0,2,223,1,247,"(2, 1)",93
1453,4.0,2.0,2,223,1,247,"(2, 2)",67
1454,4.0,2.0,2,223,1,247,"(2, 3)",63
1455,4.0,2.0,2,223,1,247,"(3, 1)",69
1456,4.0,2.0,2,223,1,247,"(3, 2)",63
1457,4.0,2.0,2,223,1,247,"(3, 3)",88
1458,4.0,2.0,2,223,2,246,"(1, 1)",85
1459,4.0,2.0,2,223,2,246,"(1, 2)",116
1460,4.0,2.0,2,223,2,246,"(1, 3)",60
1461,4.0,2.0,2,223,2,246,"(2, 1)",93
1462,4.0,2.0,2,223,2,246,"(2, 2)",67
1463,4.0,2.0,2,223,2,246,"(2, 3)",63
1464,4.0,2.0,2,223,2,246,"(3, 1)",69
1465,4.0,2.0,2,223,2,246,"(3, 2)",63
1466,4.0,2.0,2,223,2,246,"(3, 3)",88
1467,4.0,2.0,2,223,3,211,"(1, 1)",85
1468,4.0,2.0,2,223,3,211,"(1, 2)",116
1469,4.0,2.0,2,223,3,211,"(1, 3)",60
1470,4.0,2.0,2,223,3,211,"(2, 1)",93
1471,4.0,2.0,2,223,3,211,"(2, 2)",67
1472,4.0,2.0,2,223,3,211,"(2, 3)",63
1473,4.0,2.0,2,223,3,211,"(3, 1)",69
1474,4.0,2.0,2,223,3,211,"(3, 2)",63
1475,4.0,2.0,2,223,3,211,"(3, 3)",88
1476,4.0,2.0,3,220,1,247,"(1, 1)",85
1477,4.0,2.0,3,220,1,247,"(1, 2)",116
1478,4.0,2.0,3,220,1,247,"(1, 3)",60
1479,4.0,2.0,3,220,1,247,"(2, 1)",93
1480,4.0,2.0,3,220,1,247,"(2, 2)",67
1481,4.0,2.0,3,220,1,247,"(2, 3)",63
1482,4.0,2.0,3,220,1,247,"(3, 1)",69
1483,4.0,2.0,3,220,1,247,"(3, 2)",63
1484,4.0,2.0,3,220,1,247,"(3, 3)",88
1485,4.0,2.0,3,220,2,246,"(1, 1)",85
1486,4.0,2.0,3,220,2,246,"(1, 2)",116
1487,4.0,2.0,3,220,2,246,"(1, 3)",60
1488,4.0,2.0,3,220,2,246,"(2, 1)",93
1489,4.0,2.0,3,220,2,246,"(2, 2)",67
1490,4.0,2.0,3,220,2,246,"(2, 3)",63
1491,4.0,2.0,3,220,2,246,"(3, 1)",69
1492,4.0,2.0,3,220,2,246,"(3, 2)",63
1493,4.0,2.0,3,220,2,246,"(3, 3)",88
1494,4.0,2.0,3,220,3,211,"(1, 1)",85
1495,4.0,2.0,3,220,3,211,"(1, 2)",116
1496,4.0,2.0,3,220,3,211,"(1, 3)",60
1497,4.0,2.0,3,220,3,211,"(2, 1)",93
1498,4.0,2.0,3,220,3,211,"(2, 2)",67
1499,4.0,2.0,3,220,3,211,"(2, 3)",63
1500,4.0,2.0,3,220,3,211,"(3, 1)",69
1501,4.0,2.0,3,220,3,211,"(3, 2)",63
1502,4.0,2.0,3,220,3,211,"(3, 3)",88
1503,4.0,3.0,1,83,1,75,"(1, 1)",25
1504,4.0,3.0,1,83,1,75,"(1, 2)",33
1505,4.0,3.0,1,83,1,75,"(1, 3)",25
1506,4.0,3.0,1,83,1,75,"(2, 1)",30
1507,4.0,3.0,1,83,1,75,"(2, 2)",26
1508,4.0,3.0,1,83,1,75,"(2, 3)",17
1509,4.0,3.0,1,83,1,75,"(3, 1)",20
1510,4.0,3.0,1,83,1,75,"(3, 2)",23
1511,4.0,3.0,1,83,1,75,"(3, 3)",32
1512,4.0,3.0,1,83,2,82,"(1, 1)",25
1513,4.0,3.0,1,83,2,82,"(1, 2)",33
1514,4.0,3.0,1,83,2,82,"(1, 3)",25
1515,4.0,3.0,1,83,2,82,"(2, 1)",30
1516,4.0,3.0,1,83,2,82,"(2, 2)",26
1517,4.0,3.0,1,83,2,82,"(2, 3)",17
1518,4.0,3.0,1,83,2,82,"(3, 1)",20
1519,4.0,3.0,1,83,2,82,"(3, 2)",23
1520,4.0,3.0,1,83,2,82,"(3, 3)",32
1521,4.0,3.0,1,83,3,74,"(1, 1)",25
1522,4.0,3.0,1,83,3,74,"(1, 2)",33
1523,4.0,3.0,1,83,3,74,"(1, 3)",25
1524,4.0,3.0,1,83,3,74,"(2, 1)",30
1525,4.0,3.0,1,83,3,74,"(2, 2)",26
1526,4.0,3.0,1,83,3,74,"(2, 3)",17
1527,4.0,3.0,1,83,3,74,"(3, 1)",20
1528,4.0,3.0,1,83,3,74,"(3, 2)",23
1529,4.0,3.0,1,83,3,74,"(3, 3)",32
1530,4.0,3.0,2,73,1,75,"(1, 1)",25
1531,4.0,3.0,2,73,1,75,"(1, 2)",33
1532,4.0,3.0,2,73,1,75,"(1, 3)",25
1533,4.0,3.0,2,73,1,75,"(2, 1)",30
1534,4.0,3.0,2,73,1,75,"(2, 2)",26
1535,4.0,3.0,2,73,1,75,"(2, 3)",17
1536,4.0,3.0,2,73,1,75,"(3, 1)",20
1537,4.0,3.0,2,73,1,75,"(3, 2)",23
1538,4.0,3.0,2,73,1,75,"(3, 3)",32
1539,4.0,3.0,2,73,2,82,"(1, 1)",25
1540,4.0,3.0,2,73,2,82,"(1, 2)",33
1541,4.0,3.0,2,73,2,82,"(1, 3)",25
1542,4.0,3.0,2,73,2,82,"(2, 1)",30
1543,4.0,3.0,2,73,2,82,"(2, 2)",26
1544,4.0,3.0,2,73,2,82,"(2, 3)",17
1545,4.0,3.0,2,73,2,82,"(3, 1)",20
1546,4.0,3.0,2,73,2,82,"(3, 2)",23
1547,4.0,3.0,2,73,2,82,"(3, 3)",32
1548,4.0,3.0,2,73,3,74,"(1, 1)",25
1549,4.0,3.0,2,73,3,74,"(1, 2)",33
1550,4.0,3.0,2,73,3,74,"(1, 3)",25
1551,4.0,3.0,2,73,3,74,"(2, 1)",30
1552,4.0,3.0,2,73,3,74,"(2, 2)",26
1553,4.0,3.0,2,73,3,74,"(2, 3)",17
1554,4.0,3.0,2,73,3,74,"(3, 1)",20
1555,4.0,3.0,2,73,3,74,"(3, 2)",23
1556,4.0,3.0,2,73,3,74,"(3, 3)",32
1557,4.0,3.0,3,75,1,75,"(1, 1)",25
1558,4.0,3.0,3,75,1,75,"(1, 2)",33
1559,4.0,3.0,3,75,1,75,"(1, 3)",25
1560,4.0,3.0,3,75,1,75,"(2, 1)",30
1561,4.0,3.0,3,75,1,75,"(2, 2)",26
1562,4.0,3.0,3,75,1,75,"(2, 3)",17
1563,4.0,3.0,3,75,1,75,"(3, 1)",20
1564,4.0,3.0,3,75,1,75,"(3, 2)",23
1565,4.0,3.0,3,75,1,75,"(3, 3)",32
1566,4.0,3.0,3,75,2,82,"(1, 1)",25
1567,4.0,3.0,3,75,2,82,"(1, 2)",33
1568,4.0,3.0,3,75,2,82,"(1, 3)",25
1569,4.0,3.0,3,75,2,82,"(2, 1)",30
1570,4.0,3.0,3,75,2,82,"(2, 2)",26
1571,4.0,3.0,3,75,2,82,"(2, 3)",17
1572,4.0,3.0,3,75,2,82,"(3, 1)",20
1573,4.0,3.0,3,75,2,82,"(3, 2)",23
1574,4.0,3.0,3,75,2,82,"(3, 3)",32
1575,4.0,3.0,3,75,3,74,"(1, 1)",25
1576,4.0,3.0,3,75,3,74,"(1, 2)",33
1577,4.0,3.0,3,75,3,74,"(1, 3)",25
1578,4.0,3.0,3,75,3,74,"(2, 1)",30
1579,4.0,3.0,3,75,3,74,"(2, 2)",26
1580,4.0,3.0,3,75,3,74,"(2, 3)",17
1581,4.0,3.0,3,75,3,74,"(3, 1)",20
1582,4.0,3.0,3,75,3,74,"(3, 2)",23
1583,4.0,3.0,3,75,3,74,"(3, 3)",32
1584,4.0,4.0,1,60,1,54,"(1, 1)",18
1585,4.0,4.0,1,60,1,54,"(1, 2)",28
1586,4.0,4.0,1,60,1,54,"(1, 3)",14
1587,4.0,4.0,1,60,1,54,"(2, 1)",20
1588,4.0,4.0,1,60,1,54,"(2, 2)",22
1589,4.0,4.0,1,60,1,54,"(2, 3)",24
1590,4.0,4.0,1,60,1,54,"(3, 1)",16
1591,4.0,4.0,1,60,1,54,"(3, 2)",24
1592,4.0,4.0,1,60,1,54,"(3, 3)",27
1593,4.0,4.0,1,60,2,74,"(1, 1)",18
1594,4.0,4.0,1,60,2,74,"(1, 2)",28
1595,4.0,4.0,1,60,2,74,"(1, 3)",14
1596,4.0,4.0,1,60,2,74,"(2, 1)",20
1597,4.0,4.0,1,60,2,74,"(2, 2)",22
1598,4.0,4.0,1,60,2,74,"(2, 3)",24
1599,4.0,4.0,1,60,2,74,"(3, 1)",16
1600,4.0,4.0,1,60,2,74,"(3, 2)",24
1601,4.0,4.0,1,60,2,74,"(3, 3)",27
1602,4.0,4.0,1,60,3,65,"(1, 1)",18
1603,4.0,4.0,1,60,3,65,"(1, 2)",28
1604,4.0,4.0,1,60,3,65,"(1, 3)",14
1605,4.0,4.0,1,60,3,65,"(2, 1)",20
1606,4.0,4.0,1,60,3,65,"(2, 2)",22
1607,4.0,4.0,1,60,3,65,"(2, 3)",24
1608,4.0,4.0,1,60,3,65,"(3, 1)",16
1609,4.0,4.0,1,60,3,65,"(3, 2)",24
1610,4.0,4.0,1,60,3,65,"(3, 3)",27
1611,4.0,4.0,2,66,1,54,"(1, 1)",18
1612,4.0,4.0,2,66,1,54,"(1, 2)",28
1613,4.0,4.0,2,66,1,54,"(1, 3)",14
1614,4.0,4.0,2,66,1,54,"(2, 1)",20
1615,4.0,4.0,2,66,1,54,"(2, 2)",22
1616,4.0,4.0,2,66,1,54,"(2, 3)",24
1617,4.0,4.0,2,66,1,54,"(3, 1)",16
1618,4.0,4.0,2,66,1,54,"(3, 2)",24
1619,4.0,4.0,2,66,1,54,"(3, 3)",27
1620,4.0,4.0,2,66,2,74,"(1, 1)",18
1621,4.0,4.0,2,66,2,74,"(1, 2)",28
1622,4.0,4.0,2,66,2,74,"(1, 3)",14
1623,4.0,4.0,2,66,2,74,"(2, 1)",20
1624,4.0,4.0,2,66,2,74,"(2, 2)",22
1625,4.0,4.0,2,66,2,74,"(2, 3)",24
1626,4.0,4.0,2,66,2,74,"(3, 1)",16
1627,4.0,4.0,2,66,2,74,"(3, 2)",24
1628,4.0,4.0,2,66,2,74,"(3, 3)",27
1629,4.0,4.0,2,66,3,65,"(1, 1)",18
1630,4.0,4.0,2,66,3,65,"(1, 2)",28
1631,4.0,4.0,2,66,3,65,"(1, 3)",14
1632,4.0,4.0,2,66,3,65,"(2, 1)",20
1633,4.0,4.0,2,66,3,65,"(2, 2)",22
1634,4.0,4.0,2,66,3,65,"(2, 3)",24
1635,4.0,4.0,2,66,3,65,"(3, 1)",16
1636,4.0,4.0,2,66,3,65,"(3, 2)",24
1637,4.0,4.0,2,66,3,65,"(3, 3)",27
1638,4.0,4.0,3,67,1,54,"(1, 1)",18
1639,4.0,4.0,3,67,1,54,"(1, 2)",28
1640,4.0,4.0,3,67,1,54,"(1, 3)",14
1641,4.0,4.0,3,67,1,54,"(2, 1)",20
1642,4.0,4.0,3,67,1,54,"(2, 2)",22
1643,4.0,4.0,3,67,1,54,"(2, 3)",24
1644,4.0,4.0,3,67,1,54,"(3, 1)",16
1645,4.0,4.0,3,67,1,54,"(3, 2)",24
1646,4.0,4.0,3,67,1,54,"(3, 3)",27
1647,4.0,4.0,3,67,2,74,"(1, 1)",18
1648,4.0,4.0,3,67,2,74,"(1, 2)",28
1649,4.0,4.0,3,67,2,74,"(1, 3)",14
1650,4.0,4.0,3,67,2,74,"(2, 1)",20
1651,4.0,4.0,3,67,2,74,"(2, 2)",22
1652,4.0,4.0,3,67,2,74,"(2, 3)",24
1653,4.0,4.0,3,67,2,74,"(3, 1)",16
1654,4.0,4.0,3,67,2,74,"(3, 2)",24
1655,4.0,4.0,3,67,2,74,"(3, 3)",27
1656,4.0,4.0,3,67,3,65,"(1, 1)",18
1657,4.0,4.0,3,67,3,65,"(1, 2)",28
1658,4.0,4.0,3,67,3,65,"(1, 3)",14
1659,4.0,4.0,3,67,3,65,"(2, 1)",20
1660,4.0,4.0,3,67,3,65,"(2, 2)",22
1661,4.0,4.0,3,67,3,65,"(2, 3)",24
1662,4.0,4.0,3,67,3,65,"(3, 1)",16
1663,4.0,4.0,3,67,3,65,"(3, 2)",24
1664,4.0,4.0,3,67,3,65,"(3, 3)",27
1665,4.0,5.0,1,87,1,88,"(1, 1)",30
1666,4.0,5.0,1,87,1,88,"(1, 2)",37
1667,4.0,5.0,1,87,1,88,"(1, 3)",20
1668,4.0,5.0,1,87,1,88,"(2, 1)",31
1669,4.0,5.0,1,87,1,88,"(2, 2)",32
1670,4.0,5.0,1,87,1,88,"(2, 3)",25
1671,4.0,5.0,1,87,1,88,"(3, 1)",27
1672,4.0,5.0,1,87,1,88,"(3, 2)",23
1673,4.0,5.0,1,87,1,88,"(3, 3)",29
1674,4.0,5.0,1,87,2,92,"(1, 1)",30
1675,4.0,5.0,1,87,2,92,"(1, 2)",37
1676,4.0,5.0,1,87,2,92,"(1, 3)",20
1677,4.0,5.0,1,87,2,92,"(2, 1)",31
1678,4.0,5.0,1,87,2,92,"(2, 2)",32
1679,4.0,5.0,1,87,2,92,"(2, 3)",25
1680,4.0,5.0,1,87,2,92,"(3, 1)",27
1681,4.0,5.0,1,87,2,92,"(3, 2)",23
1682,4.0,5.0,1,87,2,92,"(3, 3)",29
1683,4.0,5.0,1,87,3,74,"(1, 1)",30
1684,4.0,5.0,1,87,3,74,"(1, 2)",37
1685,4.0,5.0,1,87,3,74,"(1, 3)",20
1686,4.0,5.0,1,87,3,74,"(2, 1)",31
1687,4.0,5.0,1,87,3,74,"(2, 2)",32
1688,4.0,5.0,1,87,3,74,"(2, 3)",25
1689,4.0,5.0,1,87,3,74,"(3, 1)",27
1690,4.0,5.0,1,87,3,74,"(3, 2)",23
1691,4.0,5.0,1,87,3,74,"(3, 3)",29
1692,4.0,5.0,2,88,1,88,"(1, 1)",30
1693,4.0,5.0,2,88,1,88,"(1, 2)",37
1694,4.0,5.0,2,88,1,88,"(1, 3)",20
1695,4.0,5.0,2,88,1,88,"(2, 1)",31
1696,4.0,5.0,2,88,1,88,"(2, 2)",32
1697,4.0,5.0,2,88,1,88,"(2, 3)",25
1698,4.0,5.0,2,88,1,88,"(3, 1)",27
1699,4.0,5.0,2,88,1,88,"(3, 2)",23
1700,4.0,5.0,2,88,1,88,"(3, 3)",29
1701,4.0,5.0,2,88,2,92,"(1, 1)",30
1702,4.0,5.0,2,88,2,92,"(1, 2)",37
1703,4.0,5.0,2,88,2,92,"(1, 3)",20
1704,4.0,5.0,2,88,2,92,"(2, 1)",31
1705,4.0,5.0,2,88,2,92,"(2, 2)",32
1706,4.0,5.0,2,88,2,92,"(2, 3)",25
1707,4.0,5.0,2,88,2,92,"(3, 1)",27
1708,4.0,5.0,2,88,2,92,"(3, 2)",23
1709,4.0,5.0,2,88,2,92,"(3, 3)",29
1710,4.0,5.0,2,88,3,74,"(1, 1)",30
1711,4.0,5.0,2,88,3,74,"(1, 2)",37
1712,4.0,5.0,2,88,3,74,"(1, 3)",20
1713,4.0,5.0,2,88,3,74,"(2, 1)",31
1714,4.0,5.0,2,88,3,74,"(2, 2)",32
1715,4.0,5.0,2,88,3,74,"(2, 3)",25
1716,4.0,5.0,2,88,3,74,"(3, 1)",27
1717,4.0,5.0,2,88,3,74,"(3, 2)",23
1718,4.0,5.0,2,88,3,74,"(3, 3)",29
1719,4.0,5.0,3,79,1,88,"(1, 1)",30
1720,4.0,5.0,3,79,1,88,"(1, 2)",37
1721,4.0,5.0,3,79,1,88,"(1, 3)",20
1722,4.0,5.0,3,79,1,88,"(2, 1)",31
1723,4.0,5.0,3,79,1,88,"(2, 2)",32
1724,4.0,5.0,3,79,1,88,"(2, 3)",25
1725,4.0,5.0,3,79,1,88,"(3, 1)",27
1726,4.0,5.0,3,79,1,88,"(3, 2)",23
1727,4.0,5.0,3,79,1,88,"(3, 3)",29
1728,4.0,5.0,3,79,2,92,"(1, 1)",30
1729,4.0,5.0,3,79,2,92,"(1, 2)",37
1730,4.0,5.0,3,79,2,92,"(1, 3)",20
1731,4.0,5.0,3,79,2,92,"(2, 1)",31
1732,4.0,5.0,3,79,2,92,"(2, 2)",32
1733,4.0,5.0,3,79,2,92,"(2, 3)",25
1734,4.0,5.0,3,79,2,92,"(3, 1)",27
1735,4.0,5.0,3,79,2,92,"(3, 2)",23
1736,4.0,5.0,3,79,2,92,"(3, 3)",29
1737,4.0,5.0,3,79,3,74,"(1, 1)",30
1738,4.0,5.0,3,79,3,74,"(1, 2)",37
1739,4.0,5.0,3,79,3,74,"(1, 3)",20
1740,4.0,5.0,3,79,3,74,"(2, 1)",31
1741,4.0,5.0,3,79,3,74,"(2, 2)",32
1742,4.0,5.0,3,79,3,74,"(2, 3)",25
1743,4.0,5.0,3,79,3,74,"(3, 1)",27
1744,4.0,5.0,3,79,3,74,"(3, 2)",23
1745,4.0,5.0,3,79,3,74,"(3, 3)",29
1746,4.0,6.0,1,16,1,12,"(1, 1)",5
1747,4.0,6.0,1,16,1,12,"(1, 2)",9
1748,4.0,6.0,1,16,1,12,"(1, 3)",2
1749,4.0,6.0,1,16,1,12,"(2, 1)",4
1750,4.0,6.0,1,16,1,12,"(2, 2)",3
1751,4.0,6.0,1,16,1,12,"(2, 3)",5
1752,4.0,6.0,1,16,1,12,"(3, 1)",3
1753,4.0,6.0,1,16,1,12,"(3, 2)",3
1754,4.0,6.0,1,16,1,12,"(3, 3)",4
1755,4.0,6.0,1,16,2,15,"(1, 1)",5
1756,4.0,6.0,1,16,2,15,"(1, 2)",9
1757,4.0,6.0,1,16,2,15,"(1, 3)",2
1758,4.0,6.0,1,16,2,15,"(2, 1)",4
1759,4.0,6.0,1,16,2,15,"(2, 2)",3
1760,4.0,6.0,1,16,2,15,"(2, 3)",5
1761,4.0,6.0,1,16,2,15,"(3, 1)",3
1762,4.0,6.0,1,16,2,15,"(3, 2)",3
1763,4.0,6.0,1,16,2,15,"(3, 3)",4
1764,4.0,6.0,1,16,3,11,"(1, 1)",5
1765,4.0,6.0,1,16,3,11,"(1, 2)",9
1766,4.0,6.0,1,16,3,11,"(1, 3)",2
1767,4.0,6.0,1,16,3,11,"(2, 1)",4
1768,4.0,6.0,1,16,3,11,"(2, 2)",3
1769,4.0,6.0,1,16,3,11,"(2, 3)",5
1770,4.0,6.0,1,16,3,11,"(3, 1)",3
1771,4.0,6.0,1,16,3,11,"(3, 2)",3
1772,4.0,6.0,1,16,3,11,"(3, 3)",4
1773,4.0,6.0,2,12,1,12,"(1, 1)",5
1774,4.0,6.0,2,12,1,12,"(1, 2)",9
1775,4.0,6.0,2,12,1,12,"(1, 3)",2
1776,4.0,6.0,2,12,1,12,"(2, 1)",4
1777,4.0,6.0,2,12,1,12,"(2, 2)",3
1778,4.0,6.0,2,12,1,12,"(2, 3)",5
1779,4.0,6.0,2,12,1,12,"(3, 1)",3
1780,4.0,6.0,2,12,1,12,"(3, 2)",3
1781,4.0,6.0,2,12,1,12,"(3, 3)",4
1782,4.0,6.0,2,12,2,15,"(1, 1)",5
1783,4.0,6.0,2,12,2,15,"(1, 2)",9
1784,4.0,6.0,2,12,2,15,"(1, 3)",2
1785,4.0,6.0,2,12,2,15,"(2, 1)",4
1786,4.0,6.0,2,12,2,15,"(2, 2)",3
1787,4.0,6.0,2,12,2,15,"(2, 3)",5
1788,4.0,6.0,2,12,2,15,"(3, 1)",3
1789,4.0,6.0,2,12,2,15,"(3, 2)",3
1790,4.0,6.0,2,12,2,15,"(3, 3)",4
1791,4.0,6.0,2,12,3,11,"(1, 1)",5
1792,4.0,6.0,2,12,3,11,"(1, 2)",9
1793,4.0,6.0,2,12,3,11,"(1, 3)",2
1794,4.0,6.0,2,12,3,11,"(2, 1)",4
1795,4.0,6.0,2,12,3,11,"(2, 2)",3
1796,4.0,6.0,2,12,3,11,"(2, 3)",5
1797,4.0,6.0,2,12,3,11,"(3, 1)",3
1798,4.0,6.0,2,12,3,11,"(3, 2)",3
1799,4.0,6.0,2,12,3,11,"(3, 3)",4
1800,4.0,6.0,3,10,1,12,"(1, 1)",5
1801,4.0,6.0,3,10,1,12,"(1, 2)",9
1802,4.0,6.0,3,10,1,12,"(1, 3)",2
1803,4.0,6.0,3,10,1,12,"(2, 1)",4
1804,4.0,6.0,3,10,1,12,"(2, 2)",3
1805,4.0,6.0,3,10,1,12,"(2, 3)",5
1806,4.0,6.0,3,10,1,12,"(3, 1)",3
1807,4.0,6.0,3,10,1,12,"(3, 2)",3
1808,4.0,6.0,3,10,1,12,"(3, 3)",4
1809,4.0,6.0,3,10,2,15,"(1, 1)",5
1810,4.0,6.0,3,10,2,15,"(1, 2)",9
1811,4.0,6.0,3,10,2,15,"(1, 3)",2
1812,4.0,6.0,3,10,2,15,"(2, 1)",4
1813,4.0,6.0,3,10,2,15,"(2, 2)",3
1814,4.0,6.0,3,10,2,15,"(2, 3)",5
1815,4.0,6.0,3,10,2,15,"(3, 1)",3
1816,4.0,6.0,3,10,2,15,"(3, 2)",3
1817,4.0,6.0,3,10,2,15,"(3, 3)",4
1818,4.0,6.0,3,10,3,11,"(1, 1)",5
1819,4.0,6.0,3,10,3,11,"(1, 2)",9
1820,4.0,6.0,3,10,3,11,"(1, 3)",2
1821,4.0,6.0,3,10,3,11,"(2, 1)",4
1822,4.0,6.0,3,10,3,11,"(2, 2)",3
1823,4.0,6.0,3,10,3,11,"(2, 3)",5
1824,4.0,6.0,3,10,3,11,"(3, 1)",3
1825,4.0,6.0,3,10,3,11,"(3, 2)",3
1826,4.0,6.0,3,10,3,11,"(3, 3)",4
1827,5.0,2.0,1,95,1,109,"(1, 1)",32
1828,5.0,2.0,1,95,1,109,"(1, 2)",37
1829,5.0,2.0,1,95,1,109,"(1, 3)",26
1830,5.0,2.0,1,95,1,109,"(2, 1)",40
1831,5.0,2.0,1,95,1,109,"(2, 2)",30
1832,5.0,2.0,1,95,1,109,"(2, 3)",30
1833,5.0,2.0,1,95,1,109,"(3, 1)",37
1834,5.0,2.0,1,95,1,109,"(3, 2)",34
1835,5.0,2.0,1,95,1,109,"(3, 3)",56
1836,5.0,2.0,1,95,2,101,"(1, 1)",32
1837,5.0,2.0,1,95,2,101,"(1, 2)",37
1838,5.0,2.0,1,95,2,101,"(1, 3)",26
1839,5.0,2.0,1,95,2,101,"(2, 1)",40
1840,5.0,2.0,1,95,2,101,"(2, 2)",30
1841,5.0,2.0,1,95,2,101,"(2, 3)",30
1842,5.0,2.0,1,95,2,101,"(3, 1)",37
1843,5.0,2.0,1,95,2,101,"(3, 2)",34
1844,5.0,2.0,1,95,2,101,"(3, 3)",56
1845,5.0,2.0,1,95,3,112,"(1, 1)",32
1846,5.0,2.0,1,95,3,112,"(1, 2)",37
1847,5.0,2.0,1,95,3,112,"(1, 3)",26
1848,5.0,2.0,1,95,3,112,"(2, 1)",40
1849,5.0,2.0,1,95,3,112,"(2, 2)",30
1850,5.0,2.0,1,95,3,112,"(2, 3)",30
1851,5.0,2.0,1,95,3,112,"(3, 1)",37
1852,5.0,2.0,1,95,3,112,"(3, 2)",34
1853,5.0,2.0,1,95,3,112,"(3, 3)",56
1854,5.0,2.0,2,100,1,109,"(1, 1)",32
1855,5.0,2.0,2,100,1,109,"(1, 2)",37
1856,5.0,2.0,2,100,1,109,"(1, 3)",26
1857,5.0,2.0,2,100,1,109,"(2, 1)",40
1858,5.0,2.0,2,100,1,109,"(2, 2)",30
1859,5.0,2.0,2,100,1,109,"(2, 3)",30
1860,5.0,2.0,2,100,1,109,"(3, 1)",37
1861,5.0,2.0,2,100,1,109,"(3, 2)",34
1862,5.0,2.0,2,100,1,109,"(3, 3)",56
1863,5.0,2.0,2,100,2,101,"(1, 1)",32
1864,5.0,2.0,2,100,2,101,"(1, 2)",37
1865,5.0,2.0,2,100,2,101,"(1, 3)",26
1866,5.0,2.0,2,100,2,101,"(2, 1)",40
1867,5.0,2.0,2,100,2,101,"(2, 2)",30
1868,5.0,2.0,2,100,2,101,"(2, 3)",30
1869,5.0,2.0,2,100,2,101,"(3, 1)",37
1870,5.0,2.0,2,100,2,101,"(3, 2)",34
1871,5.0,2.0,2,100,2,101,"(3, 3)",56
1872,5.0,2.0,2,100,3,112,"(1, 1)",32
1873,5.0,2.0,2,100,3,112,"(1, 2)",37
1874,5.0,2.0,2,100,3,112,"(1, 3)",26
1875,5.0,2.0,2,100,3,112,"(2, 1)",40
1876,5.0,2.0,2,100,3,112,"(2, 2)",30
1877,5.0,2.0,2,100,3,112,"(2, 3)",30
1878,5.0,2.0,2,100,3,112,"(3, 1)",37
1879,5.0,2.0,2,100,3,112,"(3, 2)",34
1880,5.0,2.0,2,100,3,112,"(3, 3)",56
1881,5.0,2.0,3,127,1,109,"(1, 1)",32
1882,5.0,2.0,3,127,1,109,"(1, 2)",37
1883,5.0,2.0,3,127,1,109,"(1, 3)",26
1884,5.0,2.0,3,127,1,109,"(2, 1)",40
1885,5.0,2.0,3,127,1,109,"(2, 2)",30
1886,5.0,2.0,3,127,1,109,"(2, 3)",30
1887,5.0,2.0,3,127,1,109,"(3, 1)",37
1888,5.0,2.0,3,127,1,109,"(3, 2)",34
1889,5.0,2.0,3,127,1,109,"(3, 3)",56
1890,5.0,2.0,3,127,2,101,"(1, 1)",32
1891,5.0,2.0,3,127,2,101,"(1, 2)",37
1892,5.0,2.0,3,127,2,101,"(1, 3)",26
1893,5.0,2.0,3,127,2,101,"(2, 1)",40
1894,5.0,2.0,3,127,2,101,"(2, 2)",30
1895,5.0,2.0,3,127,2,101,"(2, 3)",30
1896,5.0,2.0,3,127,2,101,"(3, 1)",37
1897,5.0,2.0,3,127,2,101,"(3, 2)",34
1898,5.0,2.0,3,127,2,101,"(3, 3)",56
1899,5.0,2.0,3,127,3,112,"(1, 1)",32
1900,5.0,2.0,3,127,3,112,"(1, 2)",37
1901,5.0,2.0,3,127,3,112,"(1, 3)",26
1902,5.0,2.0,3,127,3,112,"(2, 1)",40
1903,5.0,2.0,3,127,3,112,"(2, 2)",30
1904,5.0,2.0,3,127,3,112,"(2, 3)",30
1905,5.0,2.0,3,127,3,112,"(3, 1)",37
1906,5.0,2.0,3,127,3,112,"(3, 2)",34
1907,5.0,2.0,3,127,3,112,"(3, 3)",56
1908,5.0,3.0,1,25,1,25,"(1, 1)",7
1909,5.0,3.0,1,25,1,25,"(1, 2)",11
1910,5.0,3.0,1,25,1,25,"(1, 3)",7
1911,5.0,3.0,1,25,1,25,"(2, 1)",9
1912,5.0,3.0,1,25,1,25,"(2, 2)",11
1913,5.0,3.0,1,25,1,25,"(2, 3)",13
1914,5.0,3.0,1,25,1,25,"(3, 1)",9
1915,5.0,3.0,1,25,1,25,"(3, 2)",11
1916,5.0,3.0,1,25,1,25,"(3, 3)",7
1917,5.0,3.0,1,25,2,33,"(1, 1)",7
1918,5.0,3.0,1,25,2,33,"(1, 2)",11
1919,5.0,3.0,1,25,2,33,"(1, 3)",7
1920,5.0,3.0,1,25,2,33,"(2, 1)",9
1921,5.0,3.0,1,25,2,33,"(2, 2)",11
1922,5.0,3.0,1,25,2,33,"(2, 3)",13
1923,5.0,3.0,1,25,2,33,"(3, 1)",9
1924,5.0,3.0,1,25,2,33,"(3, 2)",11
1925,5.0,3.0,1,25,2,33,"(3, 3)",7
1926,5.0,3.0,1,25,3,27,"(1, 1)",7
1927,5.0,3.0,1,25,3,27,"(1, 2)",11
1928,5.0,3.0,1,25,3,27,"(1, 3)",7
1929,5.0,3.0,1,25,3,27,"(2, 1)",9
1930,5.0,3.0,1,25,3,27,"(2, 2)",11
1931,5.0,3.0,1,25,3,27,"(2, 3)",13
1932,5.0,3.0,1,25,3,27,"(3, 1)",9
1933,5.0,3.0,1,25,3,27,"(3, 2)",11
1934,5.0,3.0,1,25,3,27,"(3, 3)",7
1935,5.0,3.0,2,33,1,25,"(1, 1)",7
1936,5.0,3.0,2,33,1,25,"(1, 2)",11
1937,5.0,3.0,2,33,1,25,"(1, 3)",7
1938,5.0,3.0,2,33,1,25,"(2, 1)",9
1939,5.0,3.0,2,33,1,25,"(2, 2)",11
1940,5.0,3.0,2,33,1,25,"(2, 3)",13
1941,5.0,3.0,2,33,1,25,"(3, 1)",9
1942,5.0,3.0,2,33,1,25,"(3, 2)",11
1943,5.0,3.0,2,33,1,25,"(3, 3)",7
1944,5.0,3.0,2,33,2,33,"(1, 1)",7
1945,5.0,3.0,2,33,2,33,"(1, 2)",11
1946,5.0,3.0,2,33,2,33,"(1, 3)",7
1947,5.0,3.0,2,33,2,33,"(2, 1)",9
1948,5.0,3.0,2,33,2,33,"(2, 2)",11
1949,5.0,3.0,2,33,2,33,"(2, 3)",13
1950,5.0,3.0,2,33,2,33,"(3, 1)",9
1951,5.0,3.0,2,33,2,33,"(3, 2)",11
1952,5.0,3.0,2,33,2,33,"(3, 3)",7
1953,5.0,3.0,2,33,3,27,"(1, 1)",7
1954,5.0,3.0,2,33,3,27,"(1, 2)",11
1955,5.0,3.0,2,33,3,27,"(1, 3)",7
1956,5.0,3.0,2,33,3,27,"(2, 1)",9
1957,5.0,3.0,2,33,3,27,"(2, 2)",11
1958,5.0,3.0,2,33,3,27,"(2, 3)",13
1959,5.0,3.0,2,33,3,27,"(3, 1)",9
1960,5.0,3.0,2,33,3,27,"(3, 2)",11
1961,5.0,3.0,2,33,3,27,"(3, 3)",7
1962,5.0,3.0,3,27,1,25,"(1, 1)",7
1963,5.0,3.0,3,27,1,25,"(1, 2)",11
1964,5.0,3.0,3,27,1,25,"(1, 3)",7
1965,5.0,3.0,3,27,1,25,"(2, 1)",9
1966,5.0,3.0,3,27,1,25,"(2, 2)",11
1967,5.0,3.0,3,27,1,25,"(2, 3)",13
1968,5.0,3.0,3,27,1,25,"(3, 1)",9
1969,5.0,3.0,3,27,1,25,"(3, 2)",11
1970,5.0,3.0,3,27,1,25,"(3, 3)",7
1971,5.0,3.0,3,27,2,33,"(1, 1)",7
1972,5.0,3.0,3,27,2,33,"(1, 2)",11
1973,5.0,3.0,3,27,2,33,"(1, 3)",7
1974,5.0,3.0,3,27,2,33,"(2, 1)",9
1975,5.0,3.0,3,27,2,33,"(2, 2)",11
1976,5.0,3.0,3,27,2,33,"(2, 3)",13
1977,5.0,3.0,3,27,2,33,"(3, 1)",9
1978,5.0,3.0,3,27,2,33,"(3, 2)",11
1979,5.0,3.0,3,27,2,33,"(3, 3)",7
1980,5.0,3.0,3,27,3,27,"(1, 1)",7
1981,5.0,3.0,3,27,3,27,"(1, 2)",11
1982,5.0,3.0,3,27,3,27,"(1, 3)",7
1983,5.0,3.0,3,27,3,27,"(2, 1)",9
1984,5.0,3.0,3,27,3,27,"(2, 2)",11
1985,5.0,3.0,3,27,3,27,"(2, 3)",13
1986,5.0,3.0,3,27,3,27,"(3, 1)",9
1987,5.0,3.0,3,27,3,27,"(3, 2)",11
1988,5.0,3.0,3,27,3,27,"(3, 3)",7
1989,5.0,4.0,1,51,1,50,"(1, 1)",12
1990,5.0,4.0,1,51,1,50,"(1, 2)",22
1991,5.0,4.0,1,51,1,50,"(1, 3)",17
1992,5.0,4.0,1,51,1,50,"(2, 1)",19
1993,5.0,4.0,1,51,1,50,"(2, 2)",13
1994,5.0,4.0,1,51,1,50,"(2, 3)",13
1995,5.0,4.0,1,51,1,50,"(3, 1)",19
1996,5.0,4.0,1,51,1,50,"(3, 2)",14
1997,5.0,4.0,1,51,1,50,"(3, 3)",15
1998,5.0,4.0,1,51,2,49,"(1, 1)",12
1999,5.0,4.0,1,51,2,49,"(1, 2)",22
2000,5.0,4.0,1,51,2,49,"(1, 3)",17
2001,5.0,4.0,1,51,2,49,"(2, 1)",19
2002,5.0,4.0,1,51,2,49,"(2, 2)",13
2003,5.0,4.0,1,51,2,49,"(2, 3)",13
2004,5.0,4.0,1,51,2,49,"(3, 1)",19
2005,5.0,4.0,1,51,2,49,"(3, 2)",14
2006,5.0,4.0,1,51,2,49,"(3, 3)",15
2007,5.0,4.0,1,51,3,45,"(1, 1)",12
2008,5.0,4.0,1,51,3,45,"(1, 2)",22
2009,5.0,4.0,1,51,3,45,"(1, 3)",17
2010,5.0,4.0,1,51,3,45,"(2, 1)",19
2011,5.0,4.0,1,51,3,45,"(2, 2)",13
2012,5.0,4.0,1,51,3,45,"(2, 3)",13
2013,5.0,4.0,1,51,3,45,"(3, 1)",19
2014,5.0,4.0,1,51,3,45,"(3, 2)",14
2015,5.0,4.0,1,51,3,45,"(3, 3)",15
2016,5.0,4.0,2,45,1,50,"(1, 1)",12
2017,5.0,4.0,2,45,1,50,"(1, 2)",22
2018,5.0,4.0,2,45,1,50,"(1, 3)",17
2019,5.0,4.0,2,45,1,50,"(2, 1)",19
2020,5.0,4.0,2,45,1,50,"(2, 2)",13
2021,5.0,4.0,2,45,1,50,"(2, 3)",13
2022,5.0,4.0,2,45,1,50,"(3, 1)",19
2023,5.0,4.0,2,45,1,50,"(3, 2)",14
2024,5.0,4.0,2,45,1,50,"(3, 3)",15
2025,5.0,4.0,2,45,2,49,"(1, 1)",12
2026,5.0,4.0,2,45,2,49,"(1, 2)",22
2027,5.0,4.0,2,45,2,49,"(1, 3)",17
2028,5.0,4.0,2,45,2,49,"(2, 1)",19
2029,5.0,4.0,2,45,2,49,"(2, 2)",13
2030,5.0,4.0,2,45,2,49,"(2, 3)",13
2031,5.0,4.0,2,45,2,49,"(3, 1)",19
2032,5.0,4.0,2,45,2,49,"(3, 2)",14
2033,5.0,4.0,2,45,2,49,"(3, 3)",15
2034,5.0,4.0,2,45,3,45,"(1, 1)",12
2035,5.0,4.0,2,45,3,45,"(1, 2)",22
2036,5.0,4.0,2,45,3,45,"(1, 3)",17
2037,5.0,4.0,2,45,3,45,"(2, 1)",19
2038,5.0,4.0,2,45,3,45,"(2, 2)",13
2039,5.0,4.0,2,45,3,45,"(2, 3)",13
2040,5.0,4.0,2,45,3,45,"(3, 1)",19
2041,5.0,4.0,2,45,3,45,"(3, 2)",14
2042,5.0,4.0,2,45,3,45,"(3, 3)",15
2043,5.0,4.0,3,48,1,50,"(1, 1)",12
2044,5.0,4.0,3,48,1,50,"(1, 2)",22
2045,5.0,4.0,3,48,1,50,"(1, 3)",17
2046,5.0,4.0,3,48,1,50,"(2, 1)",19
2047,5.0,4.0,3,48,1,50,"(2, 2)",13
2048,5.0,4.0,3,48,1,50,"(2, 3)",13
2049,5.0,4.0,3,48,1,50,"(3, 1)",19
2050,5.0,4.0,3,48,1,50,"(3, 2)",14
2051,5.0,4.0,3,48,1,50,"(3, 3)",15
2052,5.0,4.0,3,48,2,49,"(1, 1)",12
2053,5.0,4.0,3,48,2,49,"(1, 2)",22
2054,5.0,4.0,3,48,2,49,"(1, 3)",17
2055,5.0,4.0,3,48,2,49,"(2, 1)",19
2056,5.0,4.0,3,48,2,49,"(2, 2)",13
2057,5.0,4.0,3,48,2,49,"(2, 3)",13
2058,5.0,4.0,3,48,2,49,"(3, 1)",19
2059,5.0,4.0,3,48,2,49,"(3, 2)",14
2060,5.0,4.0,3,48,2,49,"(3, 3)",15
2061,5.0,4.0,3,48,3,45,"(1, 1)",12
2062,5.0,4.0,3,48,3,45,"(1, 2)",22
2063,5.0,4.0,3,48,3,45,"(1, 3)",17
2064,5.0,4.0,3,48,3,45,"(2, 1)",19
2065,5.0,4.0,3,48,3,45,"(2, 2)",13
2066,5.0,4.0,3,48,3,45,"(2, 3)",13
2067,5.0,4.0,3,48,3,45,"(3, 1)",19
2068,5.0,4.0,3,48,3,45,"(3, 2)",14
2069,5.0,4.0,3,48,3,45,"(3, 3)",15
2070,5.0,5.0,1,72,1,68,"(1, 1)",21
2071,5.0,5.0,1,72,1,68,"(1, 2)",27
2072,5.0,5.0,1,72,1,68,"(1, 3)",24
2073,5.0,5.0,1,72,1,68,"(2, 1)",27
2074,5.0,5.0,1,72,1,68,"(2, 2)",25
2075,5.0,5.0,1,72,1,68,"(2, 3)",20
2076,5.0,5.0,1,72,1,68,"(3, 1)",20
2077,5.0,5.0,1,72,1,68,"(3, 2)",21
2078,5.0,5.0,1,72,1,68,"(3, 3)",25
2079,5.0,5.0,1,72,2,73,"(1, 1)",21
2080,5.0,5.0,1,72,2,73,"(1, 2)",27
2081,5.0,5.0,1,72,2,73,"(1, 3)",24
2082,5.0,5.0,1,72,2,73,"(2, 1)",27
2083,5.0,5.0,1,72,2,73,"(2, 2)",25
2084,5.0,5.0,1,72,2,73,"(2, 3)",20
2085,5.0,5.0,1,72,2,73,"(3, 1)",20
2086,5.0,5.0,1,72,2,73,"(3, 2)",21
2087,5.0,5.0,1,72,2,73,"(3, 3)",25
2088,5.0,5.0,1,72,3,69,"(1, 1)",21
2089,5.0,5.0,1,72,3,69,"(1, 2)",27
2090,5.0,5.0,1,72,3,69,"(1, 3)",24
2091,5.0,5.0,1,72,3,69,"(2, 1)",27
2092,5.0,5.0,1,72,3,69,"(2, 2)",25
2093,5.0,5.0,1,72,3,69,"(2, 3)",20
2094,5.0,5.0,1,72,3,69,"(3, 1)",20
2095,5.0,5.0,1,72,3,69,"(3, 2)",21
2096,5.0,5.0,1,72,3,69,"(3, 3)",25
2097,5.0,5.0,2,72,1,68,"(1, 1)",21
2098,5.0,5.0,2,72,1,68,"(1, 2)",27
2099,5.0,5.0,2,72,1,68,"(1, 3)",24
2100,5.0,5.0,2,72,1,68,"(2, 1)",27
2101,5.0,5.0,2,72,1,68,"(2, 2)",25
2102,5.0,5.0,2,72,1,68,"(2, 3)",20
2103,5.0,5.0,2,72,1,68,"(3, 1)",20
2104,5.0,5.0,2,72,1,68,"(3, 2)",21
2105,5.0,5.0,2,72,1,68,"(3, 3)",25
2106,5.0,5.0,2,72,2,73,"(1, 1)",21
2107,5.0,5.0,2,72,2,73,"(1, 2)",27
2108,5.0,5.0,2,72,2,73,"(1, 3)",24
2109,5.0,5.0,2,72,2,73,"(2, 1)",27
2110,5.0,5.0,2,72,2,73,"(2, 2)",25
2111,5.0,5.0,2,72,2,73,"(2, 3)",20
2112,5.0,5.0,2,72,2,73,"(3, 1)",20
2113,5.0,5.0,2,72,2,73,"(3, 2)",21
2114,5.0,5.0,2,72,2,73,"(3, 3)",25
2115,5.0,5.0,2,72,3,69,"(1, 1)",21
2116,5.0,5.0,2,72,3,69,"(1, 2)",27
2117,5.0,5.0,2,72,3,69,"(1, 3)",24
2118,5.0,5.0,2,72,3,69,"(2, 1)",27
2119,5.0,5.0,2,72,3,69,"(2, 2)",25
2120,5.0,5.0,2,72,3,69,"(2, 3)",20
2121,5.0,5.0,2,72,3,69,"(3, 1)",20
2122,5.0,5.0,2,72,3,69,"(3, 2)",21
2123,5.0,5.0,2,72,3,69,"(3, 3)",25
2124,5.0,5.0,3,66,1,68,"(1, 1)",21
2125,5.0,5.0,3,66,1,68,"(1, 2)",27
2126,5.0,5.0,3,66,1,68,"(1, 3)",24
2127,5.0,5.0,3,66,1,68,"(2, 1)",27
2128,5.0,5.0,3,66,1,68,"(2, 2)",25
2129,5.0,5.0,3,66,1,68,"(2, 3)",20
2130,5.0,5.0,3,66,1,68,"(3, 1)",20
2131,5.0,5.0,3,66,1,68,"(3, 2)",21
2132,5.0,5.0,3,66,1,68,"(3, 3)",25
2133,5.0,5.0,3,66,2,73,"(1, 1)",21
2134,5.0,5.0,3,66,2,73,"(1, 2)",27
2135,5.0,5.0,3,66,2,73,"(1, 3)",24
2136,5.0,5.0,3,66,2,73,"(2, 1)",27
2137,5.0,5.0,3,66,2,73,"(2, 2)",25
2138,5.0,5.0,3,66,2,73,"(2, 3)",20
2139,5.0,5.0,3,66,2,73,"(3, 1)",20
2140,5.0,5.0,3,66,2,73,"(3, 2)",21
2141,5.0,5.0,3,66,2,73,"(3, 3)",25
2142,5.0,5.0,3,66,3,69,"(1, 1)",21
2143,5.0,5.0,3,66,3,69,"(1, 2)",27
2144,5.0,5.0,3,66,3,69,"(1, 3)",24
2145,5.0,5.0,3,66,3,69,"(2, 1)",27
2146,5.0,5.0,3,66,3,69,"(2, 2)",25
2147,5.0,5.0,3,66,3,69,"(2, 3)",20
2148,5.0,5.0,3,66,3,69,"(3, 1)",20
2149,5.0,5.0,3,66,3,69,"(3, 2)",21
2150,5.0,5.0,3,66,3,69,"(3, 3)",25
2151,5.0,6.0,1,12,1,14,"(1, 1)",4
2152,5.0,6.0,1,12,1,14,"(1, 2)",4
2153,5.0,6.0,1,12,1,14,"(1, 3)",4
2154,5.0,6.0,1,12,1,14,"(2, 1)",6
2155,5.0,6.0,1,12,1,14,"(2, 2)",4
2156,5.0,6.0,1,12,1,14,"(2, 3)",4
2157,5.0,6.0,1,12,1,14,"(3, 1)",4
2158,5.0,6.0,1,12,1,14,"(3, 2)",5
2159,5.0,6.0,1,12,1,14,"(3, 3)",9
2160,5.0,6.0,1,12,2,13,"(1, 1)",4
2161,5.0,6.0,1,12,2,13,"(1, 2)",4
2162,5.0,6.0,1,12,2,13,"(1, 3)",4
2163,5.0,6.0,1,12,2,13,"(2, 1)",6
2164,5.0,6.0,1,12,2,13,"(2, 2)",4
2165,5.0,6.0,1,12,2,13,"(2, 3)",4
2166,5.0,6.0,1,12,2,13,"(3, 1)",4
2167,5.0,6.0,1,12,2,13,"(3, 2)",5
2168,5.0,6.0,1,12,2,13,"(3, 3)",9
2169,5.0,6.0,1,12,3,17,"(1, 1)",4
2170,5.0,6.0,1,12,3,17,"(1, 2)",4
2171,5.0,6.0,1,12,3,17,"(1, 3)",4
2172,5.0,6.0,1,12,3,17,"(2, 1)",6
2173,5.0,6.0,1,12,3,17,"(2, 2)",4
2174,5.0,6.0,1,12,3,17,"(2, 3)",4
2175,5.0,6.0,1,12,3,17,"(3, 1)",4
2176,5.0,6.0,1,12,3,17,"(3, 2)",5
2177,5.0,6.0,1,12,3,17,"(3, 3)",9
2178,5.0,6.0,2,14,1,14,"(1, 1)",4
2179,5.0,6.0,2,14,1,14,"(1, 2)",4
2180,5.0,6.0,2,14,1,14,"(1, 3)",4
2181,5.0,6.0,2,14,1,14,"(2, 1)",6
2182,5.0,6.0,2,14,1,14,"(2, 2)",4
2183,5.0,6.0,2,14,1,14,"(2, 3)",4
2184,5.0,6.0,2,14,1,14,"(3, 1)",4
2185,5.0,6.0,2,14,1,14,"(3, 2)",5
2186,5.0,6.0,2,14,1,14,"(3, 3)",9
2187,5.0,6.0,2,14,2,13,"(1, 1)",4
2188,5.0,6.0,2,14,2,13,"(1, 2)",4
2189,5.0,6.0,2,14,2,13,"(1, 3)",4
2190,5.0,6.0,2,14,2,13,"(2, 1)",6
2191,5.0,6.0,2,14,2,13,"(2, 2)",4
2192,5.0,6.0,2,14,2,13,"(2, 3)",4
2193,5.0,6.0,2,14,2,13,"(3, 1)",4
2194,5.0,6.0,2,14,2,13,"(3, 2)",5
2195,5.0,6.0,2,14,2,13,"(3, 3)",9
2196,5.0,6.0,2,14,3,17,"(1, 1)",4
2197,5.0,6.0,2,14,3,17,"(1, 2)",4
2198,5.0,6.0,2,14,3,17,"(1, 3)",4
2199,5.0,6.0,2,14,3,17,"(2, 1)",6
2200,5.0,6.0,2,14,3,17,"(2, 2)",4
2201,5.0,6.0,2,14,3,17,"(2, 3)",4
2202,5.0,6.0,2,14,3,17,"(3, 1)",4
2203,5.0,6.0,2,14,3,17,"(3, 2)",5
2204,5.0,6.0,2,14,3,17,"(3, 3)",9
2205,5.0,6.0,3,18,1,14,"(1, 1)",4
2206,5.0,6.0,3,18,1,14,"(1, 2)",4
2207,5.0,6.0,3,18,1,14,"(1, 3)",4
2208,5.0,6.0,3,18,1,14,"(2, 1)",6
2209,5.0,6.0,3,18,1,14,"(2, 2)",4
2210,5.0,6.0,3,18,1,14,"(2, 3)",4
2211,5.0,6.0,3,18,1,14,"(3, 1)",4
2212,5.0,6.0,3,18,1,14,"(3, 2)",5
2213,5.0,6.0,3,18,1,14,"(3, 3)",9
2214,5.0,6.0,3,18,2,13,"(1, 1)",4
2215,5.0,6.0,3,18,2,13,"(1, 2)",4
2216,5.0,6.0,3,18,2,13,"(1, 3)",4
2217,5.0,6.0,3,18,2,13,"(2, 1)",6
2218,5.0,6.0,3,18,2,13,"(2, 2)",4
2219,5.0,6.0,3,18,2,13,"(2, 3)",4
2220,5.0,6.0,3,18,2,13,"(3, 1)",4
2221,5.0,6.0,3,18,2,13,"(3, 2)",5
2222,5.0,6.0,3,18,2,13,"(3, 3)",9
2223,5.0,6.0,3,18,3,17,"(1, 1)",4
2224,5.0,6.0,3,18,3,17,"(1, 2)",4
2225,5.0,6.0,3,18,3,17,"(1, 3)",4
2226,5.0,6.0,3,18,3,17,"(2, 1)",6
2227,5.0,6.0,3,18,3,17,"(2, 2)",4
2228,5.0,6.0,3,18,3,17,"(2, 3)",4
2229,5.0,6.0,3,18,3,17,"(3, 1)",4
2230,5.0,6.0,3,18,3,17,"(3, 2)",5
2231,5.0,6.0,3,18,3,17,"(3, 3)",9
2232,6.0,2.0,1,26,1,21,"(1, 1)",7
2233,6.0,2.0,1,26,1,21,"(1, 2)",13
2234,6.0,2.0,1,26,1,21,"(1, 3)",6
2235,6.0,2.0,1,26,1,21,"(2, 1)",11
2236,6.0,2.0,1,26,1,21,"(2, 2)",6
2237,6.0,2.0,1,26,1,21,"(2, 3)",10
2238,6.0,2.0,1,26,1,21,"(3, 1)",3
2239,6.0,2.0,1,26,1,21,"(3, 2)",7
2240,6.0,2.0,1,26,1,21,"(3, 3)",11
2241,6.0,2.0,1,26,2,26,"(1, 1)",7
2242,6.0,2.0,1,26,2,26,"(1, 2)",13
2243,6.0,2.0,1,26,2,26,"(1, 3)",6
2244,6.0,2.0,1,26,2,26,"(2, 1)",11
2245,6.0,2.0,1,26,2,26,"(2, 2)",6
2246,6.0,2.0,1,26,2,26,"(2, 3)",10
2247,6.0,2.0,1,26,2,26,"(3, 1)",3
2248,6.0,2.0,1,26,2,26,"(3, 2)",7
2249,6.0,2.0,1,26,2,26,"(3, 3)",11
2250,6.0,2.0,1,26,3,27,"(1, 1)",7
2251,6.0,2.0,1,26,3,27,"(1, 2)",13
2252,6.0,2.0,1,26,3,27,"(1, 3)",6
2253,6.0,2.0,1,26,3,27,"(2, 1)",11
2254,6.0,2.0,1,26,3,27,"(2, 2)",6
2255,6.0,2.0,1,26,3,27,"(2, 3)",10
2256,6.0,2.0,1,26,3,27,"(3, 1)",3
2257,6.0,2.0,1,26,3,27,"(3, 2)",7
2258,6.0,2.0,1,26,3,27,"(3, 3)",11
2259,6.0,2.0,2,27,1,21,"(1, 1)",7
2260,6.0,2.0,2,27,1,21,"(1, 2)",13
2261,6.0,2.0,2,27,1,21,"(1, 3)",6
2262,6.0,2.0,2,27,1,21,"(2, 1)",11
2263,6.0,2.0,2,27,1,21,"(2, 2)",6
2264,6.0,2.0,2,27,1,21,"(2, 3)",10
2265,6.0,2.0,2,27,1,21,"(3, 1)",3
2266,6.0,2.0,2,27,1,21,"(3, 2)",7
2267,6.0,2.0,2,27,1,21,"(3, 3)",11
2268,6.0,2.0,2,27,2,26,"(1, 1)",7
2269,6.0,2.0,2,27,2,26,"(1, 2)",13
2270,6.0,2.0,2,27,2,26,"(1, 3)",6
2271,6.0,2.0,2,27,2,26,"(2, 1)",11
2272,6.0,2.0,2,27,2,26,"(2, 2)",6
2273,6.0,2.0,2,27,2,26,"(2, 3)",10
2274,6.0,2.0,2,27,2,26,"(3, 1)",3
2275,6.0,2.0,2,27,2,26,"(3, 2)",7
2276,6.0,2.0,2,27,2,26,"(3, 3)",11
2277,6.0,2.0,2,27,3,27,"(1, 1)",7
2278,6.0,2.0,2,27,3,27,"(1, 2)",13
2279,6.0,2.0,2,27,3,27,"(1, 3)",6
2280,6.0,2.0,2,27,3,27,"(2, 1)",11
2281,6.0,2.0,2,27,3,27,"(2, 2)",6
2282,6.0,2.0,2,27,3,27,"(2, 3)",10
2283,6.0,2.0,2,27,3,27,"(3, 1)",3
2284,6.0,2.0,2,27,3,27,"(3, 2)",7
2285,6.0,2.0,2,27,3,27,"(3, 3)",11
2286,6.0,2.0,3,21,1,21,"(1, 1)",7
2287,6.0,2.0,3,21,1,21,"(1, 2)",13
2288,6.0,2.0,3,21,1,21,"(1, 3)",6
2289,6.0,2.0,3,21,1,21,"(2, 1)",11
2290,6.0,2.0,3,21,1,21,"(2, 2)",6
2291,6.0,2.0,3,21,1,21,"(2, 3)",10
2292,6.0,2.0,3,21,1,21,"(3, 1)",3
2293,6.0,2.0,3,21,1,21,"(3, 2)",7
2294,6.0,2.0,3,21,1,21,"(3, 3)",11
2295,6.0,2.0,3,21,2,26,"(1, 1)",7
2296,6.0,2.0,3,21,2,26,"(1, 2)",13
2297,6.0,2.0,3,21,2,26,"(1, 3)",6
2298,6.0,2.0,3,21,2,26,"(2, 1)",11
2299,6.0,2.0,3,21,2,26,"(2, 2)",6
2300,6.0,2.0,3,21,2,26,"(2, 3)",10
2301,6.0,2.0,3,21,2,26,"(3, 1)",3
2302,6.0,2.0,3,21,2,26,"(3, 2)",7
2303,6.0,2.0,3,21,2,26,"(3, 3)",11
2304,6.0,2.0,3,21,3,27,"(1, 1)",7
2305,6.0,2.0,3,21,3,27,"(1, 2)",13
2306,6.0,2.0,3,21,3,27,"(1, 3)",6
2307,6.0,2.0,3,21,3,27,"(2, 1)",11
2308,6.0,2.0,3,21,3,27,"(2, 2)",6
2309,6.0,2.0,3,21,3,27,"(2, 3)",10
2310,6.0,2.0,3,21,3,27,"(3, 1)",3
2311,6.0,2.0,3,21,3,27,"(3, 2)",7
2312,6.0,2.0,3,21,3,27,"(3, 3)",11
2313,6.0,3.0,1,16,1,20,"(1, 1)",3
2314,6.0,3.0,1,16,1,20,"(1, 2)",9
2315,6.0,3.0,1,16,1,20,"(1, 3)",4
2316,6.0,3.0,1,16,1,20,"(2, 1)",10
2317,6.0,3.0,1,16,1,20,"(2, 2)",3
2318,6.0,3.0,1,16,1,20,"(2, 3)",6
2319,6.0,3.0,1,16,1,20,"(3, 1)",7
2320,6.0,3.0,1,16,1,20,"(3, 2)",8
2321,6.0,3.0,1,16,1,20,"(3, 3)",10
2322,6.0,3.0,1,16,2,20,"(1, 1)",3
2323,6.0,3.0,1,16,2,20,"(1, 2)",9
2324,6.0,3.0,1,16,2,20,"(1, 3)",4
2325,6.0,3.0,1,16,2,20,"(2, 1)",10
2326,6.0,3.0,1,16,2,20,"(2, 2)",3
2327,6.0,3.0,1,16,2,20,"(2, 3)",6
2328,6.0,3.0,1,16,2,20,"(3, 1)",7
2329,6.0,3.0,1,16,2,20,"(3, 2)",8
2330,6.0,3.0,1,16,2,20,"(3, 3)",10
2331,6.0,3.0,1,16,3,20,"(1, 1)",3
2332,6.0,3.0,1,16,3,20,"(1, 2)",9
2333,6.0,3.0,1,16,3,20,"(1, 3)",4
2334,6.0,3.0,1,16,3,20,"(2, 1)",10
2335,6.0,3.0,1,16,3,20,"(2, 2)",3
2336,6.0,3.0,1,16,3,20,"(2, 3)",6
2337,6.0,3.0,1,16,3,20,"(3, 1)",7
2338,6.0,3.0,1,16,3,20,"(3, 2)",8
2339,6.0,3.0,1,16,3,20,"(3, 3)",10
2340,6.0,3.0,2,19,1,20,"(1, 1)",3
2341,6.0,3.0,2,19,1,20,"(1, 2)",9
2342,6.0,3.0,2,19,1,20,"(1, 3)",4
2343,6.0,3.0,2,19,1,20,"(2, 1)",10
2344,6.0,3.0,2,19,1,20,"(2, 2)",3
2345,6.0,3.0,2,19,1,20,"(2, 3)",6
2346,6.0,3.0,2,19,1,20,"(3, 1)",7
2347,6.0,3.0,2,19,1,20,"(3, 2)",8
2348,6.0,3.0,2,19,1,20,"(3, 3)",10
2349,6.0,3.0,2,19,2,20,"(1, 1)",3
2350,6.0,3.0,2,19,2,20,"(1, 2)",9
2351,6.0,3.0,2,19,2,20,"(1, 3)",4
2352,6.0,3.0,2,19,2,20,"(2, 1)",10
2353,6.0,3.0,2,19,2,20,"(2, 2)",3
2354,6.0,3.0,2,19,2,20,"(2, 3)",6
2355,6.0,3.0,2,19,2,20,"(3, 1)",7
2356,6.0,3.0,2,19,2,20,"(3, 2)",8
2357,6.0,3.0,2,19,2,20,"(3, 3)",10
2358,6.0,3.0,2,19,3,20,"(1, 1)",3
2359,6.0,3.0,2,19,3,20,"(1, 2)",9
2360,6.0,3.0,2,19,3,20,"(1, 3)",4
2361,6.0,3.0,2,19,3,20,"(2, 1)",10
2362,6.0,3.0,2,19,3,20,"(2, 2)",3
2363,6.0,3.0,2,19,3,20,"(2, 3)",6
2364,6.0,3.0,2,19,3,20,"(3, 1)",7
2365,6.0,3.0,2,19,3,20,"(3, 2)",8
2366,6.0,3.0,2,19,3,20,"(3, 3)",10
2367,6.0,3.0,3,25,1,20,"(1, 1)",3
2368,6.0,3.0,3,25,1,20,"(1, 2)",9
2369,6.0,3.0,3,25,1,20,"(1, 3)",4
2370,6.0,3.0,3,25,1,20,"(2, 1)",10
2371,6.0,3.0,3,25,1,20,"(2, 2)",3
2372,6.0,3.0,3,25,1,20,"(2, 3)",6
2373,6.0,3.0,3,25,1,20,"(3, 1)",7
2374,6.0,3.0,3,25,1,20,"(3, 2)",8
2375,6.0,3.0,3,25,1,20,"(3, 3)",10
2376,6.0,3.0,3,25,2,20,"(1, 1)",3
2377,6.0,3.0,3,25,2,20,"(1, 2)",9
2378,6.0,3.0,3,25,2,20,"(1, 3)",4
2379,6.0,3.0,3,25,2,20,"(2, 1)",10
2380,6.0,3.0,3,25,2,20,"(2, 2)",3
2381,6.0,3.0,3,25,2,20,"(2, 3)",6
2382,6.0,3.0,3,25,2,20,"(3, 1)",7
2383,6.0,3.0,3,25,2,20,"(3, 2)",8
2384,6.0,3.0,3,25,2,20,"(3, 3)",10
2385,6.0,3.0,3,25,3,20,"(1, 1)",3
2386,6.0,3.0,3,25,3,20,"(1, 2)",9
2387,6.0,3.0,3,25,3,20,"(1, 3)",4
2388,6.0,3.0,3,25,3,20,"(2, 1)",10
2389,6.0,3.0,3,25,3,20,"(2, 2)",3
2390,6.0,3.0,3,25,3,20,"(2, 3)",6
2391,6.0,3.0,3,25,3,20,"(3, 1)",7
2392,6.0,3.0,3,25,3,20,"(3, 2)",8
2393,6.0,3.0,3,25,3,20,"(3, 3)",10
2394,6.0,4.0,1,50,1,39,"(1, 1)",11
2395,6.0,4.0,1,50,1,39,"(1, 2)",26
2396,6.0,4.0,1,50,1,39,"(1, 3)",13
2397,6.0,4.0,1,50,1,39,"(2, 1)",16
2398,6.0,4.0,1,50,1,39,"(2, 2)",11
2399,6.0,4.0,1,50,1,39,"(2, 3)",9
2400,6.0,4.0,1,50,1,39,"(3, 1)",12
2401,6.0,4.0,1,50,1,39,"(3, 2)",12
2402,6.0,4.0,1,50,1,39,"(3, 3)",14
2403,6.0,4.0,1,50,2,49,"(1, 1)",11
2404,6.0,4.0,1,50,2,49,"(1, 2)",26
2405,6.0,4.0,1,50,2,49,"(1, 3)",13
2406,6.0,4.0,1,50,2,49,"(2, 1)",16
2407,6.0,4.0,1,50,2,49,"(2, 2)",11
2408,6.0,4.0,1,50,2,49,"(2, 3)",9
2409,6.0,4.0,1,50,2,49,"(3, 1)",12
2410,6.0,4.0,1,50,2,49,"(3, 2)",12
2411,6.0,4.0,1,50,2,49,"(3, 3)",14
2412,6.0,4.0,1,50,3,36,"(1, 1)",11
2413,6.0,4.0,1,50,3,36,"(1, 2)",26
2414,6.0,4.0,1,50,3,36,"(1, 3)",13
2415,6.0,4.0,1,50,3,36,"(2, 1)",16
2416,6.0,4.0,1,50,3,36,"(2, 2)",11
2417,6.0,4.0,1,50,3,36,"(2, 3)",9
2418,6.0,4.0,1,50,3,36,"(3, 1)",12
2419,6.0,4.0,1,50,3,36,"(3, 2)",12
2420,6.0,4.0,1,50,3,36,"(3, 3)",14
2421,6.0,4.0,2,36,1,39,"(1, 1)",11
2422,6.0,4.0,2,36,1,39,"(1, 2)",26
2423,6.0,4.0,2,36,1,39,"(1, 3)",13
2424,6.0,4.0,2,36,1,39,"(2, 1)",16
2425,6.0,4.0,2,36,1,39,"(2, 2)",11
2426,6.0,4.0,2,36,1,39,"(2, 3)",9
2427,6.0,4.0,2,36,1,39,"(3, 1)",12
2428,6.0,4.0,2,36,1,39,"(3, 2)",12
2429,6.0,4.0,2,36,1,39,"(3, 3)",14
2430,6.0,4.0,2,36,2,49,"(1, 1)",11
2431,6.0,4.0,2,36,2,49,"(1, 2)",26
2432,6.0,4.0,2,36,2,49,"(1, 3)",13
2433,6.0,4.0,2,36,2,49,"(2, 1)",16
2434,6.0,4.0,2,36,2,49,"(2, 2)",11
2435,6.0,4.0,2,36,2,49,"(2, 3)",9
2436,6.0,4.0,2,36,2,49,"(3, 1)",12
2437,6.0,4.0,2,36,2,49,"(3, 2)",12
2438,6.0,4.0,2,36,2,49,"(3, 3)",14
2439,6.0,4.0,2,36,3,36,"(1, 1)",11
2440,6.0,4.0,2,36,3,36,"(1, 2)",26
2441,6.0,4.0,2,36,3,36,"(1, 3)",13
2442,6.0,4.0,2,36,3,36,"(2, 1)",16
2443,6.0,4.0,2,36,3,36,"(2, 2)",11
2444,6.0,4.0,2,36,3,36,"(2, 3)",9
2445,6.0,4.0,2,36,3,36,"(3, 1)",12
2446,6.0,4.0,2,36,3,36,"(3, 2)",12
2447,6.0,4.0,2,36,3,36,"(3, 3)",14
2448,6.0,4.0,3,38,1,39,"(1, 1)",11
2449,6.0,4.0,3,38,1,39,"(1, 2)",26
2450,6.0,4.0,3,38,1,39,"(1, 3)",13
2451,6.0,4.0,3,38,1,39,"(2, 1)",16
2452,6.0,4.0,3,38,1,39,"(2, 2)",11
2453,6.0,4.0,3,38,1,39,"(2, 3)",9
2454,6.0,4.0,3,38,1,39,"(3, 1)",12
2455,6.0,4.0,3,38,1,39,"(3, 2)",12
2456,6.0,4.0,3,38,1,39,"(3, 3)",14
2457,6.0,4.0,3,38,2,49,"(1, 1)",11
2458,6.0,4.0,3,38,2,49,"(1, 2)",26
2459,6.0,4.0,3,38,2,49,"(1, 3)",13
2460,6.0,4.0,3,38,2,49,"(2, 1)",16
2461,6.0,4.0,3,38,2,49,"(2, 2)",11
2462,6.0,4.0,3,38,2,49,"(2, 3)",9
2463,6.0,4.0,3,38,2,49,"(3, 1)",12
2464,6.0,4.0,3,38,2,49,"(3, 2)",12
2465,6.0,4.0,3,38,2,49,"(3, 3)",14
2466,6.0,4.0,3,38,3,36,"(1, 1)",11
2467,6.0,4.0,3,38,3,36,"(1, 2)",26
2468,6.0,4.0,3,38,3,36,"(1, 3)",13
2469,6.0,4.0,3,38,3,36,"(2, 1)",16
2470,6.0,4.0,3,38,3,36,"(2, 2)",11
2471,6.0,4.0,3,38,3,36,"(2, 3)",9
2472,6.0,4.0,3,38,3,36,"(3, 1)",12
2473,6.0,4.0,3,38,3,36,"(3, 2)",12
2474,6.0,4.0,3,38,3,36,"(3, 3)",14
2475,6.0,5.0,1,42,1,39,"(1, 1)",13
2476,6.0,5.0,1,42,1,39,"(1, 2)",18
2477,6.0,5.0,1,42,1,39,"(1, 3)",11
2478,6.0,5.0,1,42,1,39,"(2, 1)",14
2479,6.0,5.0,1,42,1,39,"(2, 2)",12
2480,6.0,5.0,1,42,1,39,"(2, 3)",14
2481,6.0,5.0,1,42,1,39,"(3, 1)",12
2482,6.0,5.0,1,42,1,39,"(3, 2)",7
2483,6.0,5.0,1,42,1,39,"(3, 3)",23
2484,6.0,5.0,1,42,2,37,"(1, 1)",13
2485,6.0,5.0,1,42,2,37,"(1, 2)",18
2486,6.0,5.0,1,42,2,37,"(1, 3)",11
2487,6.0,5.0,1,42,2,37,"(2, 1)",14
2488,6.0,5.0,1,42,2,37,"(2, 2)",12
2489,6.0,5.0,1,42,2,37,"(2, 3)",14
2490,6.0,5.0,1,42,2,37,"(3, 1)",12
2491,6.0,5.0,1,42,2,37,"(3, 2)",7
2492,6.0,5.0,1,42,2,37,"(3, 3)",23
2493,6.0,5.0,1,42,3,48,"(1, 1)",13
2494,6.0,5.0,1,42,3,48,"(1, 2)",18
2495,6.0,5.0,1,42,3,48,"(1, 3)",11
2496,6.0,5.0,1,42,3,48,"(2, 1)",14
2497,6.0,5.0,1,42,3,48,"(2, 2)",12
2498,6.0,5.0,1,42,3,48,"(2, 3)",14
2499,6.0,5.0,1,42,3,48,"(3, 1)",12
2500,6.0,5.0,1,42,3,48,"(3, 2)",7
2501,6.0,5.0,1,42,3,48,"(3, 3)",23
2502,6.0,5.0,2,40,1,39,"(1, 1)",13
2503,6.0,5.0,2,40,1,39,"(1, 2)",18
2504,6.0,5.0,2,40,1,39,"(1, 3)",11
2505,6.0,5.0,2,40,1,39,"(2, 1)",14
2506,6.0,5.0,2,40,1,39,"(2, 2)",12
2507,6.0,5.0,2,40,1,39,"(2, 3)",14
2508,6.0,5.0,2,40,1,39,"(3, 1)",12
2509,6.0,5.0,2,40,1,39,"(3, 2)",7
2510,6.0,5.0,2,40,1,39,"(3, 3)",23
2511,6.0,5.0,2,40,2,37,"(1, 1)",13
2512,6.0,5.0,2,40,2,37,"(1, 2)",18
2513,6.0,5.0,2,40,2,37,"(1, 3)",11
2514,6.0,5.0,2,40,2,37,"(2, 1)",14
2515,6.0,5.0,2,40,2,37,"(2, 2)",12
2516,6.0,5.0,2,40,2,37,"(2, 3)",14
2517,6.0,5.0,2,40,2,37,"(3, 1)",12
2518,6.0,5.0,2,40,2,37,"(3, 2)",7
2519,6.0,5.0,2,40,2,37,"(3, 3)",23
2520,6.0,5.0,2,40,3,48,"(1, 1)",13
2521,6.0,5.0,2,40,3,48,"(1, 2)",18
2522,6.0,5.0,2,40,3,48,"(1, 3)",11
2523,6.0,5.0,2,40,3,48,"(2, 1)",14
2524,6.0,5.0,2,40,3,48,"(2, 2)",12
2525,6.0,5.0,2,40,3,48,"(2, 3)",14
2526,6.0,5.0,2,40,3,48,"(3, 1)",12
2527,6.0,5.0,2,40,3,48,"(3, 2)",7
2528,6.0,5.0,2,40,3,48,"(3, 3)",23
2529,6.0,5.0,3,42,1,39,"(1, 1)",13
2530,6.0,5.0,3,42,1,39,"(1, 2)",18
2531,6.0,5.0,3,42,1,39,"(1, 3)",11
2532,6.0,5.0,3,42,1,39,"(2, 1)",14
2533,6.0,5.0,3,42,1,39,"(2, 2)",12
2534,6.0,5.0,3,42,1,39,"(2, 3)",14
2535,6.0,5.0,3,42,1,39,"(3, 1)",12
2536,6.0,5.0,3,42,1,39,"(3, 2)",7
2537,6.0,5.0,3,42,1,39,"(3, 3)",23
2538,6.0,5.0,3,42,2,37,"(1, 1)",13
2539,6.0,5.0,3,42,2,37,"(1, 2)",18
2540,6.0,5.0,3,42,2,37,"(1, 3)",11
2541,6.0,5.0,3,42,2,37,"(2, 1)",14
2542,6.0,5.0,3,42,2,37,"(2, 2)",12
2543,6.0,5.0,3,42,2,37,"(2, 3)",14
2544,6.0,5.0,3,42,2,37,"(3, 1)",12
2545,6.0,5.0,3,42,2,37,"(3, 2)",7
2546,6.0,5.0,3,42,2,37,"(3, 3)",23
2547,6.0,5.0,3,42,3,48,"(1, 1)",13
2548,6.0,5.0,3,42,3,48,"(1, 2)",18
2549,6.0,5.0,3,42,3,48,"(1, 3)",11
2550,6.0,5.0,3,42,3,48,"(2, 1)",14
2551,6.0,5.0,3,42,3,48,"(2, 2)",12
2552,6.0,5.0,3,42,3,48,"(2, 3)",14
2553,6.0,5.0,3,42,3,48,"(3, 1)",12
2554,6.0,5.0,3,42,3,48,"(3, 2)",7
2555,6.0,5.0,3,42,3,48,"(3, 3)",23
2556,6.0,6.0,1,27,1,23,"(1, 1)",7
2557,6.0,6.0,1,27,1,23,"(1, 2)",12
2558,6.0,6.0,1,27,1,23,"(1, 3)",8
2559,6.0,6.0,1,27,1,23,"(2, 1)",13
2560,6.0,6.0,1,27,1,23,"(2, 2)",12
2561,6.0,6.0,1,27,1,23,"(2, 3)",9
2562,6.0,6.0,1,27,1,23,"(3, 1)",3
2563,6.0,6.0,1,27,1,23,"(3, 2)",6
2564,6.0,6.0,1,27,1,23,"(3, 3)",7
2565,6.0,6.0,1,27,2,30,"(1, 1)",7
2566,6.0,6.0,1,27,2,30,"(1, 2)",12
2567,6.0,6.0,1,27,2,30,"(1, 3)",8
2568,6.0,6.0,1,27,2,30,"(2, 1)",13
2569,6.0,6.0,1,27,2,30,"(2, 2)",12
2570,6.0,6.0,1,27,2,30,"(2, 3)",9
2571,6.0,6.0,1,27,2,30,"(3, 1)",3
2572,6.0,6.0,1,27,2,30,"(3, 2)",6
2573,6.0,6.0,1,27,2,30,"(3, 3)",7
2574,6.0,6.0,1,27,3,24,"(1, 1)",7
2575,6.0,6.0,1,27,3,24,"(1, 2)",12
2576,6.0,6.0,1,27,3,24,"(1, 3)",8
2577,6.0,6.0,1,27,3,24,"(2, 1)",13
2578,6.0,6.0,1,27,3,24,"(2, 2)",12
2579,6.0,6.0,1,27,3,24,"(2, 3)",9
2580,6.0,6.0,1,27,3,24,"(3, 1)",3
2581,6.0,6.0,1,27,3,24,"(3, 2)",6
2582,6.0,6.0,1,27,3,24,"(3, 3)",7
2583,6.0,6.0,2,34,1,23,"(1, 1)",7
2584,6.0,6.0,2,34,1,23,"(1, 2)",12
2585,6.0,6.0,2,34,1,23,"(1, 3)",8
2586,6.0,6.0,2,34,1,23,"(2, 1)",13
2587,6.0,6.0,2,34,1,23,"(2, 2)",12
2588,6.0,6.0,2,34,1,23,"(2, 3)",9
2589,6.0,6.0,2,34,1,23,"(3, 1)",3
2590,6.0,6.0,2,34,1,23,"(3, 2)",6
2591,6.0,6.0,2,34,1,23,"(3, 3)",7
2592,6.0,6.0,2,34,2,30,"(1, 1)",7
2593,6.0,6.0,2,34,2,30,"(1, 2)",12
2594,6.0,6.0,2,34,2,30,"(1, 3)",8
2595,6.0,6.0,2,34,2,30,"(2, 1)",13
2596,6.0,6.0,2,34,2,30,"(2, 2)",12
2597,6.0,6.0,2,34,2,30,"(2, 3)",9
2598,6.0,6.0,2,34,2,30,"(3, 1)",3
2599,6.0,6.0,2,34,2,30,"(3, 2)",6
2600,6.0,6.0,2,34,2,30,"(3, 3)",7
2601,6.0,6.0,2,34,3,24,"(1, 1)",7
2602,6.0,6.0,2,34,3,24,"(1, 2)",12
2603,6.0,6.0,2,34,3,24,"(1, 3)",8
2604,6.0,6.0,2,34,3,24,"(2, 1)",13
2605,6.0,6.0,2,34,3,24,"(2, 2)",12
2606,6.0,6.0,2,34,3,24,"(2, 3)",9
2607,6.0,6.0,2,34,3,24,"(3, 1)",3
2608,6.0,6.0,2,34,3,24,"(3, 2)",6
2609,6.0,6.0,2,34,3,24,"(3, 3)",7
2610,6.0,6.0,3,16,1,23,"(1, 1)",7
2611,6.0,6.0,3,16,1,23,"(1, 2)",12
2612,6.0,6.0,3,16,1,23,"(1, 3)",8
2613,6.0,6.0,3,16,1,23,"(2, 1)",13
2614,6.0,6.0,3,16,1,23,"(2, 2)",12
2615,6.0,6.0,3,16,1,23,"(2, 3)",9
2616,6.0,6.0,3,16,1,23,"(3, 1)",3
2617,6.0,6.0,3,16,1,23,"(3, 2)",6
2618,6.0,6.0,3,16,1,23,"(3, 3)",7
2619,6.0,6.0,3,16,2,30,"(1, 1)",7
2620,6.0,6.0,3,16,2,30,"(1, 2)",12
2621,6.0,6.0,3,16,2,30,"(1, 3)",8
2622,6.0,6.0,3,16,2,30,"(2, 1)",13
2623,6.0,6.0,3,16,2,30,"(2, 2)",12
2624,6.0,6.0,3,16,2,30,"(2, 3)",9
2625,6.0,6.0,3,16,2,30,"(3, 1)",3
2626,6.0,6.0,3,16,2,30,"(3, 2)",6
2627,6.0,6.0,3,16,2,30,"(3, 3)",7
2628,6.0,6.0,3,16,3,24,"(1, 1)",7
2629,6.0,6.0,3,16,3,24,"(1, 2)",12
2630,6.0,6.0,3,16,3,24,"(1, 3)",8
2631,6.0,6.0,3,16,3,24,"(2, 1)",13
2632,6.0,6.0,3,16,3,24,"(2, 2)",12
2633,6.0,6.0,3,16,3,24,"(2, 3)",9
2634,6.0,6.0,3,16,3,24,"(3, 1)",3
2635,6.0,6.0,3,16,3,24,"(3, 2)",6
2636,6.0,6.0,3,16,3,24,"(3, 3)",7
